free,DisplayLength,Plus9Location,Light Configuration,Speaker Configuration,Side,Track,TrackLength,OperationCode,Station,OperationType,Status,unique unit config id
19-11,"19'11""",FrontAndRear,Double,4SP,Driver,1,3+9,L1,1,Light,,19-11-FR-D-4SP
19-11,"19'11""",FrontAndRear,Double,4SP,Driver,1,3+9,L3,3,Light,,19-11-FR-D-4SP
19-11,"19'11""",FrontAndRear,Double,4SP,Driver,1,3+9,SP3,3,Speaker,,19-11-FR-D-4SP
19-11,"19'11""",FrontAndRear,Double,4SP,Driver,2,3+9,L2,2,Light,,19-11-FR-D-4SP
19-11,"19'11""",FrontAndRear,Double,4SP,Driver,2,3+9,SP2,2,Speaker,,19-11-FR-D-4SP
19-11,"19'11""",FrontAndRear,Double,4SP,Passenger,1,3+9,L1,1,Light,,19-11-FR-D-4SP
19-11,"19'11""",FrontAndRear,Double,4SP,Passenger,1,3+9,SP2,2,Speaker,,19-11-FR-D-4SP
19-11,"19'11""",FrontAndRear,Double,4SP,Passenger,1,3+9,L3,3,Light,,19-11-FR-D-4SP
19-11,"19'11""",FrontAndRear,Double,4SP,Passenger,2,3+9,L2,2,Light,,19-11-FR-D-4SP
19-11,"19'11""",FrontAndRear,Double,4SP,Passenger,2,3+9,SP3,3,Speaker,,19-11-FR-D-4SP
19-11,"19'11""",FrontAndRear,Double,8SP,Driver,1,3+9,L1,1,Light,,19-11-FR-D-8SP
19-11,"19'11""",FrontAndRear,Double,8SP,Driver,1,3+9,L3,3,Light,,19-11-FR-D-8SP
19-11,"19'11""",FrontAndRear,Double,8SP,Driver,1,3+9,SP3,3,Speaker,,19-11-FR-D-8SP
19-11,"19'11""",FrontAndRear,Double,8SP,Driver,2,3+9,SP1,1,Speaker,,19-11-FR-D-8SP
19-11,"19'11""",FrontAndRear,Double,8SP,Driver,2,3+9,L2,2,Light,,19-11-FR-D-8SP
19-11,"19'11""",FrontAndRear,Double,8SP,Driver,2,3+9,SP2,2,Speaker,,19-11-FR-D-8SP
19-11,"19'11""",FrontAndRear,Double,8SP,Driver,2,3+9,SP3,3,Speaker,,19-11-FR-D-8SP
19-11,"19'11""",FrontAndRear,Double,8SP,Passenger,1,3+9,L1,1,Light,,19-11-FR-D-8SP
19-11,"19'11""",FrontAndRear,Double,8SP,Passenger,1,3+9,L3,3,Light,,19-11-FR-D-8SP
19-11,"19'11""",FrontAndRear,Double,8SP,Passenger,1,3+9,SP3,3,Speaker,,19-11-FR-D-8SP
19-11,"19'11""",FrontAndRear,Double,8SP,Passenger,2,3+9,SP1,1,Speaker,,19-11-FR-D-8SP
19-11,"19'11""",FrontAndRear,Double,8SP,Passenger,2,3+9,L2,2,Light,,19-11-FR-D-8SP
19-11,"19'11""",FrontAndRear,Double,8SP,Passenger,2,3+9,SP2,2,Speaker,,19-11-FR-D-8SP
19-11,"19'11""",FrontAndRear,Double,8SP,Passenger,2,3+9,SP3,3,Speaker,,19-11-FR-D-8SP
19-11,"19'11""",FrontAndRear,Single,4SP,Driver,1,3+9,L1,1,Light,,19-11-FR-S-4SP
19-11,"19'11""",FrontAndRear,Single,4SP,Driver,1,3+9,SP3,3,Speaker,,19-11-FR-S-4SP
19-11,"19'11""",FrontAndRear,Single,4SP,Driver,2,3+9,L2,2,Light,,19-11-FR-S-4SP
19-11,"19'11""",FrontAndRear,Single,4SP,Driver,2,3+9,SP2,2,Speaker,,19-11-FR-S-4SP
19-11,"19'11""",FrontAndRear,Single,4SP,Passenger,1,3+9,SP2,2,Speaker,,19-11-FR-S-4SP
19-11,"19'11""",FrontAndRear,Single,4SP,Passenger,1,3+9,L3,3,Light,,19-11-FR-S-4SP
19-11,"19'11""",FrontAndRear,Single,4SP,Passenger,2,3+9,SP3,3,Speaker,,19-11-FR-S-4SP
19-11,"19'11""",FrontAndRear,Single,8SP,Driver,1,3+9,L1,1,Light,,19-11-FR-S-8SP
19-11,"19'11""",FrontAndRear,Single,8SP,Driver,1,3+9,SP3,3,Speaker,,19-11-FR-S-8SP
19-11,"19'11""",FrontAndRear,Single,8SP,Driver,2,3+9,SP1,1,Speaker,,19-11-FR-S-8SP
19-11,"19'11""",FrontAndRear,Single,8SP,Driver,2,3+9,L2,2,Light,,19-11-FR-S-8SP
19-11,"19'11""",FrontAndRear,Single,8SP,Driver,2,3+9,SP2,2,Speaker,,19-11-FR-S-8SP
19-11,"19'11""",FrontAndRear,Single,8SP,Driver,2,3+9,SP3,3,Speaker,,19-11-FR-S-8SP
19-11,"19'11""",FrontAndRear,Single,8SP,Passenger,1,3+9,L3,3,Light,,19-11-FR-S-8SP
19-11,"19'11""",FrontAndRear,Single,8SP,Passenger,1,3+9,SP3,3,Speaker,,19-11-FR-S-8SP
19-11,"19'11""",FrontAndRear,Single,8SP,Passenger,2,3+9,SP1,1,Speaker,,19-11-FR-S-8SP
19-11,"19'11""",FrontAndRear,Single,8SP,Passenger,2,3+9,SP2,2,Speaker,,19-11-FR-S-8SP
19-11,"19'11""",FrontAndRear,Single,8SP,Passenger,2,3+9,SP3,3,Speaker,,19-11-FR-S-8SP
19-02,"19'2""",Rear,Double,4SP,Driver,1,4,L1,1,Light,,19-02-R-D-4SP
19-02,"19'2""",Rear,Double,4SP,Driver,1,4,L3,3,Light,,19-02-R-D-4SP
19-02,"19'2""",Rear,Double,4SP,Driver,1,4,SP3,3,Speaker,,19-02-R-D-4SP
19-02,"19'2""",Rear,Double,4SP,Driver,2,2+9,L1,1,Light,,19-02-R-D-4SP
19-02,"19'2""",Rear,Double,4SP,Driver,2,2+9,SP1,1,Speaker,,19-02-R-D-4SP
19-02,"19'2""",Rear,Double,4SP,Passenger,1,4,L1,1,Light,,19-02-R-D-4SP
19-02,"19'2""",Rear,Double,4SP,Passenger,1,4,SP2,2,Speaker,,19-02-R-D-4SP
19-02,"19'2""",Rear,Double,4SP,Passenger,1,4,L3,3,Light,,19-02-R-D-4SP
19-02,"19'2""",Rear,Double,4SP,Passenger,2,2+9,L1,1,Light,,19-02-R-D-4SP
19-02,"19'2""",Rear,Double,4SP,Passenger,2,2+9,SP2,2,Speaker,,19-02-R-D-4SP
19-02,"19'2""",Rear,Double,8SP,Driver,1,4,L1,1,Light,,19-02-R-D-8SP
19-02,"19'2""",Rear,Double,8SP,Driver,1,4,L3,3,Light,,19-02-R-D-8SP
19-02,"19'2""",Rear,Double,8SP,Driver,1,4,SP3,3,Speaker,,19-02-R-D-8SP
19-02,"19'2""",Rear,Double,8SP,Driver,1,4,SP4,4,Speaker,,19-02-R-D-8SP
19-02,"19'2""",Rear,Double,8SP,Driver,2,2+9,L1,1,Light,,19-02-R-D-8SP
19-02,"19'2""",Rear,Double,8SP,Driver,2,2+9,SP1,1,Speaker,,19-02-R-D-8SP
19-02,"19'2""",Rear,Double,8SP,Driver,2,2+9,SP2,2,Speaker,,19-02-R-D-8SP
19-02,"19'2""",Rear,Double,8SP,Passenger,1,4,L1,1,Light,,19-02-R-D-8SP
19-02,"19'2""",Rear,Double,8SP,Passenger,1,4,L3,3,Light,,19-02-R-D-8SP
19-02,"19'2""",Rear,Double,8SP,Passenger,1,4,SP3,3,Speaker,,19-02-R-D-8SP
19-02,"19'2""",Rear,Double,8SP,Passenger,1,4,SP4,4,Speaker,,19-02-R-D-8SP
19-02,"19'2""",Rear,Double,8SP,Passenger,2,2+9,L1,1,Light,,19-02-R-D-8SP
19-02,"19'2""",Rear,Double,8SP,Passenger,2,2+9,SP1,1,Speaker,,19-02-R-D-8SP
19-02,"19'2""",Rear,Double,8SP,Passenger,2,2+9,SP2,2,Speaker,,19-02-R-D-8SP
19-02,"19'2""",Rear,Single,4SP,Driver,1,4,L1,1,Light,,19-02-R-S-4SP
19-02,"19'2""",Rear,Single,4SP,Driver,1,4,SP3,3,Speaker,,19-02-R-S-4SP
19-02,"19'2""",Rear,Single,4SP,Driver,2,2+9,L1,1,Light,,19-02-R-S-4SP
19-02,"19'2""",Rear,Single,4SP,Driver,2,2+9,SP1,1,Speaker,,19-02-R-S-4SP
19-02,"19'2""",Rear,Single,4SP,Passenger,1,4,SP2,2,Speaker,,19-02-R-S-4SP
19-02,"19'2""",Rear,Single,4SP,Passenger,1,4,L3,3,Light,,19-02-R-S-4SP
19-02,"19'2""",Rear,Single,4SP,Passenger,2,2+9,SP2,2,Speaker,,19-02-R-S-4SP
19-02,"19'2""",Rear,Single,8SP,Driver,1,4,L1,1,Light,,19-02-R-S-8SP
19-02,"19'2""",Rear,Single,8SP,Driver,1,4,SP3,3,Speaker,,19-02-R-S-8SP
19-02,"19'2""",Rear,Single,8SP,Driver,1,4,SP4,4,Speaker,,19-02-R-S-8SP
19-02,"19'2""",Rear,Single,8SP,Driver,2,2+9,L1,1,Light,,19-02-R-S-8SP
19-02,"19'2""",Rear,Single,8SP,Driver,2,2+9,SP1,1,Speaker,,19-02-R-S-8SP
19-02,"19'2""",Rear,Single,8SP,Driver,2,2+9,SP2,2,Speaker,,19-02-R-S-8SP
19-02,"19'2""",Rear,Single,8SP,Passenger,1,4,L3,3,Light,,19-02-R-S-8SP
19-02,"19'2""",Rear,Single,8SP,Passenger,1,4,SP3,3,Speaker,,19-02-R-S-8SP
19-02,"19'2""",Rear,Single,8SP,Passenger,1,4,SP4,4,Speaker,,19-02-R-S-8SP
19-02,"19'2""",Rear,Single,8SP,Passenger,2,2+9,SP1,1,Speaker,,19-02-R-S-8SP
19-02,"19'2""",Rear,Single,8SP,Passenger,2,2+9,SP2,2,Speaker,,19-02-R-S-8SP
22-02,"22'2""",FrontAndRear,Double,4SP,Driver,1,3+9,L1,1,Light,,22-02-FR-D-4SP
22-02,"22'2""",FrontAndRear,Double,4SP,Driver,1,3+9,L3,3,Light,,22-02-FR-D-4SP
22-02,"22'2""",FrontAndRear,Double,4SP,Driver,1,3+9,SP3,3,Speaker,,22-02-FR-D-4SP
22-02,"22'2""",FrontAndRear,Double,4SP,Driver,2,2,L2,2,Light,,22-02-FR-D-4SP
22-02,"22'2""",FrontAndRear,Double,4SP,Driver,3,2+9,SP1,1,Speaker,,22-02-FR-D-4SP
22-02,"22'2""",FrontAndRear,Double,4SP,Driver,3,2+9,L2,2,Light,,22-02-FR-D-4SP
22-02,"22'2""",FrontAndRear,Double,4SP,Passenger,1,3+9,L1,1,Light,,22-02-FR-D-4SP
22-02,"22'2""",FrontAndRear,Double,4SP,Passenger,1,3+9,SP2,2,Speaker,,22-02-FR-D-4SP
22-02,"22'2""",FrontAndRear,Double,4SP,Passenger,1,3+9,L3,3,Light,,22-02-FR-D-4SP
22-02,"22'2""",FrontAndRear,Double,4SP,Passenger,2,2,L2,2,Light,,22-02-FR-D-4SP
22-02,"22'2""",FrontAndRear,Double,4SP,Passenger,3,2+9,L2,2,Light,,22-02-FR-D-4SP
22-02,"22'2""",FrontAndRear,Double,4SP,Passenger,3,2+9,SP2,2,Speaker,,22-02-FR-D-4SP
22-02,"22'2""",FrontAndRear,Double,8SP,Driver,1,3+9,L1,1,Light,,22-02-FR-D-8SP
22-02,"22'2""",FrontAndRear,Double,8SP,Driver,1,3+9,L3,3,Light,,22-02-FR-D-8SP
22-02,"22'2""",FrontAndRear,Double,8SP,Driver,1,3+9,SP3,3,Speaker,,22-02-FR-D-8SP
22-02,"22'2""",FrontAndRear,Double,8SP,Driver,2,2,SP1,1,Speaker,,22-02-FR-D-8SP
22-02,"22'2""",FrontAndRear,Double,8SP,Driver,2,2,L2,2,Light,,22-02-FR-D-8SP
22-02,"22'2""",FrontAndRear,Double,8SP,Driver,2,2,SP2,2,Speaker,,22-02-FR-D-8SP
22-02,"22'2""",FrontAndRear,Double,8SP,Driver,3,2+9,L2,2,Light,,22-02-FR-D-8SP
22-02,"22'2""",FrontAndRear,Double,8SP,Driver,3,2+9,SP2,2,Speaker,,22-02-FR-D-8SP
22-02,"22'2""",FrontAndRear,Double,8SP,Passenger,1,3+9,L1,1,Light,,22-02-FR-D-8SP
22-02,"22'2""",FrontAndRear,Double,8SP,Passenger,1,3+9,SP2,2,Speaker,,22-02-FR-D-8SP
22-02,"22'2""",FrontAndRear,Double,8SP,Passenger,1,3+9,L3,3,Light,,22-02-FR-D-8SP
22-02,"22'2""",FrontAndRear,Double,8SP,Passenger,2,2,SP1,1,Speaker,,22-02-FR-D-8SP
22-02,"22'2""",FrontAndRear,Double,8SP,Passenger,2,2,L2,2,Light,,22-02-FR-D-8SP
22-02,"22'2""",FrontAndRear,Double,8SP,Passenger,2,2,SP2,2,Speaker,,22-02-FR-D-8SP
22-02,"22'2""",FrontAndRear,Double,8SP,Passenger,3,2+9,SP1,1,Speaker,,22-02-FR-D-8SP
22-02,"22'2""",FrontAndRear,Double,8SP,Passenger,3,2+9,L2,2,Light,,22-02-FR-D-8SP
22-02,"22'2""",FrontAndRear,Single,4SP,Driver,1,3+9,L1,1,Light,,22-02-FR-S-4SP
22-02,"22'2""",FrontAndRear,Single,4SP,Driver,1,3+9,SP3,3,Speaker,,22-02-FR-S-4SP
22-02,"22'2""",FrontAndRear,Single,4SP,Driver,2,2,L2,2,Light,,22-02-FR-S-4SP
22-02,"22'2""",FrontAndRear,Single,4SP,Driver,3,2+9,SP1,1,Speaker,,22-02-FR-S-4SP
22-02,"22'2""",FrontAndRear,Single,4SP,Passenger,1,3+9,SP2,2,Speaker,,22-02-FR-S-4SP
22-02,"22'2""",FrontAndRear,Single,4SP,Passenger,1,3+9,L3,3,Light,,22-02-FR-S-4SP
22-02,"22'2""",FrontAndRear,Single,4SP,Passenger,2,2,,,,,22-02-FR-S-4SP
22-02,"22'2""",FrontAndRear,Single,4SP,Passenger,3,2+9,L2,2,Light,,22-02-FR-S-4SP
22-02,"22'2""",FrontAndRear,Single,4SP,Passenger,3,2+9,SP2,2,Speaker,,22-02-FR-S-4SP
22-02,"22'2""",FrontAndRear,Single,8SP,Driver,1,3+9,L1,1,Light,,22-02-FR-S-8SP
22-02,"22'2""",FrontAndRear,Single,8SP,Driver,1,3+9,SP3,3,Speaker,,22-02-FR-S-8SP
22-02,"22'2""",FrontAndRear,Single,8SP,Driver,2,2,SP1,1,Speaker,,22-02-FR-S-8SP
22-02,"22'2""",FrontAndRear,Single,8SP,Driver,2,2,L2,2,Light,,22-02-FR-S-8SP
22-02,"22'2""",FrontAndRear,Single,8SP,Driver,2,2,SP2,2,Speaker,,22-02-FR-S-8SP
22-02,"22'2""",FrontAndRear,Single,8SP,Driver,3,2+9,SP2,2,Speaker,,22-02-FR-S-8SP
22-02,"22'2""",FrontAndRear,Single,8SP,Passenger,1,3+9,SP2,2,Speaker,,22-02-FR-S-8SP
22-02,"22'2""",FrontAndRear,Single,8SP,Passenger,1,3+9,L3,3,Light,,22-02-FR-S-8SP
22-02,"22'2""",FrontAndRear,Single,8SP,Passenger,2,2,SP1,1,Speaker,,22-02-FR-S-8SP
22-02,"22'2""",FrontAndRear,Single,8SP,Passenger,2,2,SP2,2,Speaker,,22-02-FR-S-8SP
22-02,"22'2""",FrontAndRear,Single,8SP,Passenger,3,2+9,SP1,1,Speaker,,22-02-FR-S-8SP
22-02,"22'2""",FrontAndRear,Single,8SP,Passenger,3,2+9,L2,2,Light,,22-02-FR-S-8SP
23-08-F,"23'8""",Front,Double,4SP,Driver,1,2+9,L1,1,Light,,23-08-F-F-D-4SP
23-08-F,"23'8""",Front,Double,4SP,Driver,2,4,L1,1,Light,,23-08-F-F-D-4SP
23-08-F,"23'8""",Front,Double,4SP,Driver,2,4,SP1,1,Speaker,,23-08-F-F-D-4SP
23-08-F,"23'8""",Front,Double,4SP,Driver,2,4,L3,3,Light,,23-08-F-F-D-4SP
23-08-F,"23'8""",Front,Double,4SP,Driver,2,4,SP4,4,Speaker,,23-08-F-F-D-4SP
23-08-F,"23'8""",Front,Double,4SP,Driver,3,2,L1,1,Light,,23-08-F-F-D-4SP
23-08-F,"23'8""",Front,Double,4SP,Passenger,1,2+9,L1,1,Light,,23-08-F-F-D-4SP
23-08-F,"23'8""",Front,Double,4SP,Passenger,2,4,L1,1,Light,,23-08-F-F-D-4SP
23-08-F,"23'8""",Front,Double,4SP,Passenger,2,4,SP2,2,Speaker,,23-08-F-F-D-4SP
23-08-F,"23'8""",Front,Double,4SP,Passenger,2,4,L3,3,Light,,23-08-F-F-D-4SP
23-08-F,"23'8""",Front,Double,4SP,Passenger,3,2,L1,1,Light,,23-08-F-F-D-4SP
23-08-F,"23'8""",Front,Double,4SP,Passenger,3,2,SP1,1,Speaker,,23-08-F-F-D-4SP
23-08-F,"23'8""",Front,Double,8SP,Driver,1,2+9,L1,1,Light,,23-08-F-F-D-8SP
23-08-F,"23'8""",Front,Double,8SP,Driver,2,4,L1,1,Light,,23-08-F-F-D-8SP
23-08-F,"23'8""",Front,Double,8SP,Driver,2,4,SP1,1,Speaker,,23-08-F-F-D-8SP
23-08-F,"23'8""",Front,Double,8SP,Driver,2,4,L3,3,Light,,23-08-F-F-D-8SP
23-08-F,"23'8""",Front,Double,8SP,Driver,2,4,SP3,3,Speaker,,23-08-F-F-D-8SP
23-08-F,"23'8""",Front,Double,8SP,Driver,3,2,L1,1,Light,,23-08-F-F-D-8SP
23-08-F,"23'8""",Front,Double,8SP,Driver,3,2,SP1,1,Speaker,,23-08-F-F-D-8SP
23-08-F,"23'8""",Front,Double,8SP,Driver,3,2,SP2,2,Speaker,,23-08-F-F-D-8SP
23-08-F,"23'8""",Front,Double,8SP,Passenger,1,2+9,L1,1,Light,,23-08-F-F-D-8SP
23-08-F,"23'8""",Front,Double,8SP,Passenger,1,2+9,SP2,2,Speaker,,23-08-F-F-D-8SP
23-08-F,"23'8""",Front,Double,8SP,Passenger,2,4,L1,1,Light,,23-08-F-F-D-8SP
23-08-F,"23'8""",Front,Double,8SP,Passenger,2,4,SP2,2,Speaker,,23-08-F-F-D-8SP
23-08-F,"23'8""",Front,Double,8SP,Passenger,2,4,L3,3,Light,,23-08-F-F-D-8SP
23-08-F,"23'8""",Front,Double,8SP,Passenger,2,4,SP4,4,Speaker,,23-08-F-F-D-8SP
23-08-F,"23'8""",Front,Double,8SP,Passenger,3,2,L1,1,Light,,23-08-F-F-D-8SP
23-08-F,"23'8""",Front,Double,8SP,Passenger,3,2,SP2,2,Speaker,,23-08-F-F-D-8SP
23-08-F,"23'8""",Front,Single,4SP,Driver,1,2+9,L1,1,Light,,23-08-F-F-S-4SP
23-08-F,"23'8""",Front,Single,4SP,Driver,2,4,SP1,1,Speaker,,23-08-F-F-S-4SP
23-08-F,"23'8""",Front,Single,4SP,Driver,2,4,L3,3,Light,,23-08-F-F-S-4SP
23-08-F,"23'8""",Front,Single,4SP,Driver,2,4,SP4,4,Speaker,,23-08-F-F-S-4SP
23-08-F,"23'8""",Front,Single,4SP,Driver,3,2,,,,,23-08-F-F-S-4SP
23-08-F,"23'8""",Front,Single,4SP,Passenger,1,2+9,,,,,23-08-F-F-S-4SP
23-08-F,"23'8""",Front,Single,4SP,Passenger,2,4,L1,1,Light,,23-08-F-F-S-4SP
23-08-F,"23'8""",Front,Single,4SP,Passenger,2,4,SP2,2,Speaker,,23-08-F-F-S-4SP
23-08-F,"23'8""",Front,Single,4SP,Passenger,3,2,L1,1,Light,,23-08-F-F-S-4SP
23-08-F,"23'8""",Front,Single,4SP,Passenger,3,2,SP1,1,Speaker,,23-08-F-F-S-4SP
23-08-F,"23'8""",Front,Single,8SP,Driver,1,2+9,L1,1,Light,,23-08-F-F-S-8SP
23-08-F,"23'8""",Front,Single,8SP,Driver,2,4,SP1,1,Speaker,,23-08-F-F-S-8SP
23-08-F,"23'8""",Front,Single,8SP,Driver,2,4,L3,3,Light,,23-08-F-F-S-8SP
23-08-F,"23'8""",Front,Single,8SP,Driver,2,4,SP3,3,Speaker,,23-08-F-F-S-8SP
23-08-F,"23'8""",Front,Single,8SP,Driver,3,2,SP1,1,Speaker,,23-08-F-F-S-8SP
23-08-F,"23'8""",Front,Single,8SP,Driver,3,2,SP2,2,Speaker,,23-08-F-F-S-8SP
23-08-F,"23'8""",Front,Single,8SP,Passenger,1,2+9,SP2,2,Speaker,,23-08-F-F-S-8SP
23-08-F,"23'8""",Front,Single,8SP,Passenger,2,4,L1,1,Light,,23-08-F-F-S-8SP
23-08-F,"23'8""",Front,Single,8SP,Passenger,2,4,SP2,2,Speaker,,23-08-F-F-S-8SP
23-08-F,"23'8""",Front,Single,8SP,Passenger,2,4,SP4,4,Speaker,,23-08-F-F-S-8SP
23-08-F,"23'8""",Front,Single,8SP,Passenger,3,2,L1,1,Light,,23-08-F-F-S-8SP
23-08-F,"23'8""",Front,Single,8SP,Passenger,3,2,SP2,2,Speaker,,23-08-F-F-S-8SP
23-08-R,"23'8""",Rear,Double,4SP,Driver,1,4,L1,1,Light,,23-08-R-R-D-4SP
23-08-R,"23'8""",Rear,Double,4SP,Driver,1,4,L3,3,Light,,23-08-R-R-D-4SP
23-08-R,"23'8""",Rear,Double,4SP,Driver,1,4,SP3,3,Speaker,,23-08-R-R-D-4SP
23-08-R,"23'8""",Rear,Double,4SP,Driver,2,2,L1,1,Light,,23-08-R-R-D-4SP
23-08-R,"23'8""",Rear,Double,4SP,Driver,2,2,SP2,2,Speaker,,23-08-R-R-D-4SP
23-08-R,"23'8""",Rear,Double,4SP,Driver,3,2+9,L1,1,Light,,23-08-R-R-D-4SP
23-08-R,"23'8""",Rear,Double,4SP,Passenger,1,4,L1,1,Light,,23-08-R-R-D-4SP
23-08-R,"23'8""",Rear,Double,4SP,Passenger,1,4,L3,3,Light,,23-08-R-R-D-4SP
23-08-R,"23'8""",Rear,Double,4SP,Passenger,1,4,SP4,4,Speaker,,23-08-R-R-D-4SP
23-08-R,"23'8""",Rear,Double,4SP,Passenger,2,2,L1,1,Light,,23-08-R-R-D-4SP
23-08-R,"23'8""",Rear,Double,4SP,Passenger,3,2+9,L1,1,Light,,23-08-R-R-D-4SP
23-08-R,"23'8""",Rear,Double,4SP,Passenger,3,2+9,SP1,1,Speaker,,23-08-R-R-D-4SP
23-08-R,"23'8""",Rear,Double,8SP,Driver,1,4,L1,1,Light,,23-08-R-R-D-8SP
23-08-R,"23'8""",Rear,Double,8SP,Driver,1,4,L3,3,Light,,23-08-R-R-D-8SP
23-08-R,"23'8""",Rear,Double,8SP,Driver,1,4,SP3,3,Speaker,,23-08-R-R-D-8SP
23-08-R,"23'8""",Rear,Double,8SP,Driver,2,2,L1,1,Light,,23-08-R-R-D-8SP
23-08-R,"23'8""",Rear,Double,8SP,Driver,2,2,SP1,1,Speaker,,23-08-R-R-D-8SP
23-08-R,"23'8""",Rear,Double,8SP,Driver,3,2+9,L1,1,Light,,23-08-R-R-D-8SP
23-08-R,"23'8""",Rear,Double,8SP,Driver,3,2+9,SP1,1,Speaker,,23-08-R-R-D-8SP
23-08-R,"23'8""",Rear,Double,8SP,Driver,3,2+9,SP2,2,Speaker,,23-08-R-R-D-8SP
23-08-R,"23'8""",Rear,Double,8SP,Passenger,1,4,L1,1,Light,,23-08-R-R-D-8SP
23-08-R,"23'8""",Rear,Double,8SP,Passenger,1,4,SP2,2,Speaker,,23-08-R-R-D-8SP
23-08-R,"23'8""",Rear,Double,8SP,Passenger,1,4,L3,3,Light,,23-08-R-R-D-8SP
23-08-R,"23'8""",Rear,Double,8SP,Passenger,1,4,SP4,4,Speaker,,23-08-R-R-D-8SP
23-08-R,"23'8""",Rear,Double,8SP,Passenger,2,2,L1,1,Light,,23-08-R-R-D-8SP
23-08-R,"23'8""",Rear,Double,8SP,Passenger,2,2,SP2,2,Speaker,,23-08-R-R-D-8SP
23-08-R,"23'8""",Rear,Double,8SP,Passenger,3,2+9,L1,1,Light,,23-08-R-R-D-8SP
23-08-R,"23'8""",Rear,Double,8SP,Passenger,3,2+9,SP2,2,Speaker,,23-08-R-R-D-8SP
23-08-R,"23'8""",Rear,Single,4SP,Driver,1,4,L1,1,Light,,23-08-R-R-S-4SP
23-08-R,"23'8""",Rear,Single,4SP,Driver,1,4,SP3,3,Speaker,,23-08-R-R-S-4SP
23-08-R,"23'8""",Rear,Single,4SP,Driver,2,2,L1,1,Light,,23-08-R-R-S-4SP
23-08-R,"23'8""",Rear,Single,4SP,Driver,2,2,SP2,2,Speaker,,23-08-R-R-S-4SP
23-08-R,"23'8""",Rear,Single,4SP,Driver,3,2+9,,,,,23-08-R-R-S-4SP
23-08-R,"23'8""",Rear,Single,4SP,Passenger,1,4,L3,3,Light,,23-08-R-R-S-4SP
23-08-R,"23'8""",Rear,Single,4SP,Passenger,1,4,SP4,4,Speaker,,23-08-R-R-S-4SP
23-08-R,"23'8""",Rear,Single,4SP,Passenger,2,2,,,,,23-08-R-R-S-4SP
23-08-R,"23'8""",Rear,Single,4SP,Passenger,3,2+9,L1,1,Light,,23-08-R-R-S-4SP
23-08-R,"23'8""",Rear,Single,4SP,Passenger,3,2+9,SP1,1,Speaker,,23-08-R-R-S-4SP
23-08-R,"23'8""",Rear,Single,8SP,Driver,1,4,L1,1,Light,,23-08-R-R-S-8SP
23-08-R,"23'8""",Rear,Single,8SP,Driver,1,4,SP3,3,Speaker,,23-08-R-R-S-8SP
23-08-R,"23'8""",Rear,Single,8SP,Driver,2,2,L1,1,Light,,23-08-R-R-S-8SP
23-08-R,"23'8""",Rear,Single,8SP,Driver,2,2,SP1,1,Speaker,,23-08-R-R-S-8SP
23-08-R,"23'8""",Rear,Single,8SP,Driver,3,2+9,SP1,1,Speaker,,23-08-R-R-S-8SP
23-08-R,"23'8""",Rear,Single,8SP,Driver,3,2+9,SP2,2,Speaker,,23-08-R-R-S-8SP
23-08-R,"23'8""",Rear,Single,8SP,Passenger,1,4,SP2,2,Speaker,,23-08-R-R-S-8SP
23-08-R,"23'8""",Rear,Single,8SP,Passenger,1,4,L3,3,Light,,23-08-R-R-S-8SP
23-08-R,"23'8""",Rear,Single,8SP,Passenger,1,4,SP4,4,Speaker,,23-08-R-R-S-8SP
23-08-R,"23'8""",Rear,Single,8SP,Passenger,2,2,SP2,2,Speaker,,23-08-R-R-S-8SP
23-08-R,"23'8""",Rear,Single,8SP,Passenger,3,2+9,L1,1,Light,,23-08-R-R-S-8SP
23-08-R,"23'8""",Rear,Single,8SP,Passenger,3,2+9,SP2,2,Speaker,,23-08-R-R-S-8SP
26-08,"26'8""",FrontAndRear,Double,4SP,Driver,1,3+9,L1,1,Light,,26-08-FR-D-4SP
26-08,"26'8""",FrontAndRear,Double,4SP,Driver,1,3+9,L3,3,Light,,26-08-FR-D-4SP
26-08,"26'8""",FrontAndRear,Double,4SP,Driver,1,3+9,SP3,3,Speaker,,26-08-FR-D-4SP
26-08,"26'8""",FrontAndRear,Double,4SP,Driver,2,4,L2,2,Light,,26-08-FR-D-4SP
26-08,"26'8""",FrontAndRear,Double,4SP,Driver,2,4,SP3,3,Speaker,,26-08-FR-D-4SP
26-08,"26'8""",FrontAndRear,Double,4SP,Driver,2,4,L4,4,Light,,26-08-FR-D-4SP
26-08,"26'8""",FrontAndRear,Double,4SP,Driver,3,2+9,L2,2,Light,,26-08-FR-D-4SP
26-08,"26'8""",FrontAndRear,Double,4SP,Passenger,1,3+9,L1,1,Light,,26-08-FR-D-4SP
26-08,"26'8""",FrontAndRear,Double,4SP,Passenger,1,3+9,L3,3,Light,,26-08-FR-D-4SP
26-08,"26'8""",FrontAndRear,Double,4SP,Passenger,2,4,SP1,1,Speaker,,26-08-FR-D-4SP
26-08,"26'8""",FrontAndRear,Double,4SP,Passenger,2,4,L2,2,Light,,26-08-FR-D-4SP
26-08,"26'8""",FrontAndRear,Double,4SP,Passenger,2,4,L4,4,Light,,26-08-FR-D-4SP
26-08,"26'8""",FrontAndRear,Double,4SP,Passenger,3,2+9,SP1,1,Speaker,,26-08-FR-D-4SP
26-08,"26'8""",FrontAndRear,Double,4SP,Passenger,3,2+9,L2,2,Light,,26-08-FR-D-4SP
26-08,"26'8""",FrontAndRear,Double,8SP,Driver,1,3+9,L1,1,Light,,26-08-FR-D-8SP
26-08,"26'8""",FrontAndRear,Double,8SP,Driver,1,3+9,L3,3,Light,,26-08-FR-D-8SP
26-08,"26'8""",FrontAndRear,Double,8SP,Driver,1,3+9,SP3,3,Speaker,,26-08-FR-D-8SP
26-08,"26'8""",FrontAndRear,Double,8SP,Driver,2,4,L2,2,Light,,26-08-FR-D-8SP
26-08,"26'8""",FrontAndRear,Double,8SP,Driver,2,4,SP2,2,Speaker,,26-08-FR-D-8SP
26-08,"26'8""",FrontAndRear,Double,8SP,Driver,2,4,L4,4,Light,,26-08-FR-D-8SP
26-08,"26'8""",FrontAndRear,Double,8SP,Driver,2,4,SP4,4,Speaker,,26-08-FR-D-8SP
26-08,"26'8""",FrontAndRear,Double,8SP,Driver,3,2+9,L2,2,Light,,26-08-FR-D-8SP
26-08,"26'8""",FrontAndRear,Double,8SP,Driver,3,2+9,SP2,2,Speaker,,26-08-FR-D-8SP
26-08,"26'8""",FrontAndRear,Double,8SP,Passenger,1,3+9,L1,1,Light,,26-08-FR-D-8SP
26-08,"26'8""",FrontAndRear,Double,8SP,Passenger,1,3+9,SP2,2,Speaker,,26-08-FR-D-8SP
26-08,"26'8""",FrontAndRear,Double,8SP,Passenger,1,3+9,L3,3,Light,,26-08-FR-D-8SP
26-08,"26'8""",FrontAndRear,Double,8SP,Passenger,2,4,SP1,1,Speaker,,26-08-FR-D-8SP
26-08,"26'8""",FrontAndRear,Double,8SP,Passenger,2,4,L2,2,Light,,26-08-FR-D-8SP
26-08,"26'8""",FrontAndRear,Double,8SP,Passenger,2,4,SP3,3,Speaker,,26-08-FR-D-8SP
26-08,"26'8""",FrontAndRear,Double,8SP,Passenger,2,4,L4,4,Light,,26-08-FR-D-8SP
26-08,"26'8""",FrontAndRear,Double,8SP,Passenger,3,2+9,SP1,1,Speaker,,26-08-FR-D-8SP
26-08,"26'8""",FrontAndRear,Double,8SP,Passenger,3,2+9,L2,2,Light,,26-08-FR-D-8SP
26-08,"26'8""",FrontAndRear,Single,4SP,Driver,1,3+9,L1,1,Light,,26-08-FR-S-4SP
26-08,"26'8""",FrontAndRear,Single,4SP,Driver,1,3+9,SP3,3,Speaker,,26-08-FR-S-4SP
26-08,"26'8""",FrontAndRear,Single,4SP,Driver,2,4,L2,2,Light,,26-08-FR-S-4SP
26-08,"26'8""",FrontAndRear,Single,4SP,Driver,2,4,SP3,3,Speaker,,26-08-FR-S-4SP
26-08,"26'8""",FrontAndRear,Single,4SP,Driver,3,2+9,L2,2,Light,,26-08-FR-S-4SP
26-08,"26'8""",FrontAndRear,Single,4SP,Passenger,1,3+9,L3,3,Light,,26-08-FR-S-4SP
26-08,"26'8""",FrontAndRear,Single,4SP,Passenger,2,4,SP1,1,Speaker,,26-08-FR-S-4SP
26-08,"26'8""",FrontAndRear,Single,4SP,Passenger,2,4,L4,4,Light,,26-08-FR-S-4SP
26-08,"26'8""",FrontAndRear,Single,4SP,Passenger,3,2+9,SP1,1,Speaker,,26-08-FR-S-4SP
26-08,"26'8""",FrontAndRear,Single,8SP,Driver,1,3+9,L1,1,Light,,26-08-FR-S-8SP
26-08,"26'8""",FrontAndRear,Single,8SP,Driver,1,3+9,SP3,3,Speaker,,26-08-FR-S-8SP
26-08,"26'8""",FrontAndRear,Single,8SP,Driver,2,4,L2,2,Light,,26-08-FR-S-8SP
26-08,"26'8""",FrontAndRear,Single,8SP,Driver,2,4,SP2,2,Speaker,,26-08-FR-S-8SP
26-08,"26'8""",FrontAndRear,Single,8SP,Driver,2,4,SP4,4,Speaker,,26-08-FR-S-8SP
26-08,"26'8""",FrontAndRear,Single,8SP,Driver,3,2+9,L2,2,Light,,26-08-FR-S-8SP
26-08,"26'8""",FrontAndRear,Single,8SP,Driver,3,2+9,SP2,2,Speaker,,26-08-FR-S-8SP
26-08,"26'8""",FrontAndRear,Single,8SP,Passenger,1,3+9,SP2,2,Speaker,,26-08-FR-S-8SP
26-08,"26'8""",FrontAndRear,Single,8SP,Passenger,1,3+9,L3,3,Light,,26-08-FR-S-8SP
26-08,"26'8""",FrontAndRear,Single,8SP,Passenger,2,4,SP1,1,Speaker,,26-08-FR-S-8SP
26-08,"26'8""",FrontAndRear,Single,8SP,Passenger,2,4,SP3,3,Speaker,,26-08-FR-S-8SP
26-08,"26'8""",FrontAndRear,Single,8SP,Passenger,2,4,L4,4,Light,,26-08-FR-S-8SP
26-08,"26'8""",FrontAndRear,Single,8SP,Passenger,3,2+9,SP1,1,Speaker,,26-08-FR-S-8SP
28-11,"28'11""",FrontAndRear,Double,4SP,Driver,1,3+9,L1,1,Light,,28-11-FR-D-4SP
28-11,"28'11""",FrontAndRear,Double,4SP,Driver,1,3+9,L3,3,Light,,28-11-FR-D-4SP
28-11,"28'11""",FrontAndRear,Double,4SP,Driver,1,3+9,SP3,3,Speaker,,28-11-FR-D-4SP
28-11,"28'11""",FrontAndRear,Double,4SP,Driver,2,4,L2,2,Light,,28-11-FR-D-4SP
28-11,"28'11""",FrontAndRear,Double,4SP,Driver,2,4,L4,4,Light,,28-11-FR-D-4SP
28-11,"28'11""",FrontAndRear,Double,4SP,Driver,2,4,SP4,4,Speaker,,28-11-FR-D-4SP
28-11,"28'11""",FrontAndRear,Double,4SP,Driver,3,3+9,L2,2,Light,,28-11-FR-D-4SP
28-11,"28'11""",FrontAndRear,Double,4SP,Passenger,1,3+9,L1,1,Light,,28-11-FR-D-4SP
28-11,"28'11""",FrontAndRear,Double,4SP,Passenger,1,3+9,L3,3,Light,,28-11-FR-D-4SP
28-11,"28'11""",FrontAndRear,Double,4SP,Passenger,2,4,SP1,1,Speaker,,28-11-FR-D-4SP
28-11,"28'11""",FrontAndRear,Double,4SP,Passenger,2,4,L2,2,Light,,28-11-FR-D-4SP
28-11,"28'11""",FrontAndRear,Double,4SP,Passenger,2,4,L4,4,Light,,28-11-FR-D-4SP
28-11,"28'11""",FrontAndRear,Double,4SP,Passenger,3,3+9,L2,2,Light,,28-11-FR-D-4SP
28-11,"28'11""",FrontAndRear,Double,4SP,Passenger,3,3+9,SP2,2,Speaker,,28-11-FR-D-4SP
28-11,"28'11""",FrontAndRear,Double,8SP,Driver,1,3+9,L1,1,Light,,28-11-FR-D-8SP
28-11,"28'11""",FrontAndRear,Double,8SP,Driver,1,3+9,L3,3,Light,,28-11-FR-D-8SP
28-11,"28'11""",FrontAndRear,Double,8SP,Driver,1,3+9,SP3,3,Speaker,,28-11-FR-D-8SP
28-11,"28'11""",FrontAndRear,Double,8SP,Driver,2,4,L2,2,Light,,28-11-FR-D-8SP
28-11,"28'11""",FrontAndRear,Double,8SP,Driver,2,4,SP2,2,Speaker,,28-11-FR-D-8SP
28-11,"28'11""",FrontAndRear,Double,8SP,Driver,2,4,L4,4,Light,,28-11-FR-D-8SP
28-11,"28'11""",FrontAndRear,Double,8SP,Driver,2,4,SP4,4,Speaker,,28-11-FR-D-8SP
28-11,"28'11""",FrontAndRear,Double,8SP,Driver,3,3+9,L2,2,Light,,28-11-FR-D-8SP
28-11,"28'11""",FrontAndRear,Double,8SP,Driver,3,3+9,SP2,2,Speaker,,28-11-FR-D-8SP
28-11,"28'11""",FrontAndRear,Double,8SP,Passenger,1,3+9,L1,1,Light,,28-11-FR-D-8SP
28-11,"28'11""",FrontAndRear,Double,8SP,Passenger,1,3+9,L3,3,Light,,28-11-FR-D-8SP
28-11,"28'11""",FrontAndRear,Double,8SP,Passenger,2,4,SP1,1,Speaker,,28-11-FR-D-8SP
28-11,"28'11""",FrontAndRear,Double,8SP,Passenger,2,4,L2,2,Light,,28-11-FR-D-8SP
28-11,"28'11""",FrontAndRear,Double,8SP,Passenger,2,4,SP3,3,Speaker,,28-11-FR-D-8SP
28-11,"28'11""",FrontAndRear,Double,8SP,Passenger,2,4,L4,4,Light,,28-11-FR-D-8SP
28-11,"28'11""",FrontAndRear,Double,8SP,Passenger,3,3+9,SP1,1,Speaker,,28-11-FR-D-8SP
28-11,"28'11""",FrontAndRear,Double,8SP,Passenger,3,3+9,L2,2,Light,,28-11-FR-D-8SP
28-11,"28'11""",FrontAndRear,Double,8SP,Passenger,3,3+9,SP3,3,Speaker,,28-11-FR-D-8SP
28-11,"28'11""",FrontAndRear,Single,4SP,Driver,1,3+9,L1,1,Light,,28-11-FR-S-4SP
28-11,"28'11""",FrontAndRear,Single,4SP,Driver,1,3+9,SP3,3,Speaker,,28-11-FR-S-4SP
28-11,"28'11""",FrontAndRear,Single,4SP,Driver,2,4,L2,2,Light,,28-11-FR-S-4SP
28-11,"28'11""",FrontAndRear,Single,4SP,Driver,2,4,SP4,4,Speaker,,28-11-FR-S-4SP
28-11,"28'11""",FrontAndRear,Single,4SP,Driver,3,3+9,L2,2,Light,,28-11-FR-S-4SP
28-11,"28'11""",FrontAndRear,Single,4SP,Passenger,1,3+9,L3,3,Light,,28-11-FR-S-4SP
28-11,"28'11""",FrontAndRear,Single,4SP,Passenger,2,4,SP1,1,Speaker,,28-11-FR-S-4SP
28-11,"28'11""",FrontAndRear,Single,4SP,Passenger,2,4,L4,4,Light,,28-11-FR-S-4SP
28-11,"28'11""",FrontAndRear,Single,4SP,Passenger,3,3+9,SP2,2,Speaker,,28-11-FR-S-4SP
28-11,"28'11""",FrontAndRear,Single,8SP,Driver,1,3+9,L1,1,Light,,28-11-FR-S-8SP
28-11,"28'11""",FrontAndRear,Single,8SP,Driver,1,3+9,SP3,3,Speaker,,28-11-FR-S-8SP
28-11,"28'11""",FrontAndRear,Single,8SP,Driver,2,4,L2,2,Light,,28-11-FR-S-8SP
28-11,"28'11""",FrontAndRear,Single,8SP,Driver,2,4,SP2,2,Speaker,,28-11-FR-S-8SP
28-11,"28'11""",FrontAndRear,Single,8SP,Driver,2,4,SP4,4,Speaker,,28-11-FR-S-8SP
28-11,"28'11""",FrontAndRear,Single,8SP,Driver,3,3+9,L2,2,Light,,28-11-FR-S-8SP
28-11,"28'11""",FrontAndRear,Single,8SP,Driver,3,3+9,SP2,2,Speaker,,28-11-FR-S-8SP
28-11,"28'11""",FrontAndRear,Single,8SP,Passenger,1,3+9,L3,3,Light,,28-11-FR-S-8SP
28-11,"28'11""",FrontAndRear,Single,8SP,Passenger,2,4,SP1,1,Speaker,,28-11-FR-S-8SP
28-11,"28'11""",FrontAndRear,Single,8SP,Passenger,2,4,SP3,3,Speaker,,28-11-FR-S-8SP
28-11,"28'11""",FrontAndRear,Single,8SP,Passenger,2,4,L4,4,Light,,28-11-FR-S-8SP
28-11,"28'11""",FrontAndRear,Single,8SP,Passenger,3,3+9,SP1,1,Speaker,,28-11-FR-S-8SP
28-11,"28'11""",FrontAndRear,Single,8SP,Passenger,3,3+9,SP3,3,Speaker,,28-11-FR-S-8SP
28-02,"28'2""",Front,Double,4SP,Driver,1,2+9,L1,1,Light,,28-02-F-D-4SP
28-02,"28'2""",Front,Double,4SP,Driver,2,4,L1,1,Light,,28-02-F-D-4SP
28-02,"28'2""",Front,Double,4SP,Driver,2,4,SP1,1,Speaker,,28-02-F-D-4SP
28-02,"28'2""",Front,Double,4SP,Driver,2,4,L3,3,Light,,28-02-F-D-4SP
28-02,"28'2""",Front,Double,4SP,Driver,3,4,L1,1,Light,,28-02-F-D-4SP
28-02,"28'2""",Front,Double,4SP,Driver,3,4,SP1,1,Speaker,,28-02-F-D-4SP
28-02,"28'2""",Front,Double,4SP,Driver,3,4,L3,3,Light,,28-02-F-D-4SP
28-02,"28'2""",Front,Double,4SP,Passenger,1,2+9,L1,1,Light,,28-02-F-D-4SP
28-02,"28'2""",Front,Double,4SP,Passenger,2,4,L1,1,Light,,28-02-F-D-4SP
28-02,"28'2""",Front,Double,4SP,Passenger,2,4,SP2,2,Speaker,,28-02-F-D-4SP
28-02,"28'2""",Front,Double,4SP,Passenger,2,4,L3,3,Light,,28-02-F-D-4SP
28-02,"28'2""",Front,Double,4SP,Passenger,3,4,L1,1,Light,,28-02-F-D-4SP
28-02,"28'2""",Front,Double,4SP,Passenger,3,4,L3,3,Light,,28-02-F-D-4SP
28-02,"28'2""",Front,Double,4SP,Passenger,3,4,SP3,3,Speaker,,28-02-F-D-4SP
28-02,"28'2""",Front,Double,8SP,Driver,1,2+9,L1,1,Light,,28-02-F-D-8SP
28-02,"28'2""",Front,Double,8SP,Driver,2,4,L1,1,Light,,28-02-F-D-8SP
28-02,"28'2""",Front,Double,8SP,Driver,2,4,SP1,1,Speaker,,28-02-F-D-8SP
28-02,"28'2""",Front,Double,8SP,Driver,2,4,L3,3,Light,,28-02-F-D-8SP
28-02,"28'2""",Front,Double,8SP,Driver,2,4,SP3,3,Speaker,,28-02-F-D-8SP
28-02,"28'2""",Front,Double,8SP,Driver,3,4,L1,1,Light,,28-02-F-D-8SP
28-02,"28'2""",Front,Double,8SP,Driver,3,4,SP1,1,Speaker,,28-02-F-D-8SP
28-02,"28'2""",Front,Double,8SP,Driver,3,4,L3,3,Light,,28-02-F-D-8SP
28-02,"28'2""",Front,Double,8SP,Driver,3,4,SP3,3,Speaker,,28-02-F-D-8SP
28-02,"28'2""",Front,Double,8SP,Passenger,1,2+9,L1,1,Light,,28-02-F-D-8SP
28-02,"28'2""",Front,Double,8SP,Passenger,2,4,L1,1,Light,,28-02-F-D-8SP
28-02,"28'2""",Front,Double,8SP,Passenger,2,4,SP2,2,Speaker,,28-02-F-D-8SP
28-02,"28'2""",Front,Double,8SP,Passenger,2,4,L3,3,Light,,28-02-F-D-8SP
28-02,"28'2""",Front,Double,8SP,Passenger,2,4,SP4,4,Speaker,,28-02-F-D-8SP
28-02,"28'2""",Front,Double,8SP,Passenger,3,4,L1,1,Light,,28-02-F-D-8SP
28-02,"28'2""",Front,Double,8SP,Passenger,3,4,SP2,2,Speaker,,28-02-F-D-8SP
28-02,"28'2""",Front,Double,8SP,Passenger,3,4,L3,3,Light,,28-02-F-D-8SP
28-02,"28'2""",Front,Double,8SP,Passenger,3,4,SP4,4,Speaker,,28-02-F-D-8SP
28-02,"28'2""",Front,Single,4SP,Driver,1,2+9,L1,1,Light,,28-02-F-S-4SP
28-02,"28'2""",Front,Single,4SP,Driver,2,4,SP1,1,Speaker,,28-02-F-S-4SP
28-02,"28'2""",Front,Single,4SP,Driver,2,4,L3,3,Light,,28-02-F-S-4SP
28-02,"28'2""",Front,Single,4SP,Driver,3,4,SP1,1,Speaker,,28-02-F-S-4SP
28-02,"28'2""",Front,Single,4SP,Driver,3,4,L3,3,Light,,28-02-F-S-4SP
28-02,"28'2""",Front,Single,4SP,Passenger,1,2+9,,,,,28-02-F-S-4SP
28-02,"28'2""",Front,Single,4SP,Passenger,2,4,L1,1,Light,,28-02-F-S-4SP
28-02,"28'2""",Front,Single,4SP,Passenger,2,4,SP2,2,Speaker,,28-02-F-S-4SP
28-02,"28'2""",Front,Single,4SP,Passenger,3,4,L1,1,Light,,28-02-F-S-4SP
28-02,"28'2""",Front,Single,4SP,Passenger,3,4,SP3,3,Speaker,,28-02-F-S-4SP
28-02,"28'2""",Front,Single,8SP,Driver,1,2+9,L1,1,Light,,28-02-F-S-8SP
28-02,"28'2""",Front,Single,8SP,Driver,2,4,SP1,1,Speaker,,28-02-F-S-8SP
28-02,"28'2""",Front,Single,8SP,Driver,2,4,L3,3,Light,,28-02-F-S-8SP
28-02,"28'2""",Front,Single,8SP,Driver,2,4,SP3,3,Speaker,,28-02-F-S-8SP
28-02,"28'2""",Front,Single,8SP,Driver,3,4,SP1,1,Speaker,,28-02-F-S-8SP
28-02,"28'2""",Front,Single,8SP,Driver,3,4,L3,3,Light,,28-02-F-S-8SP
28-02,"28'2""",Front,Single,8SP,Driver,3,4,SP3,3,Speaker,,28-02-F-S-8SP
28-02,"28'2""",Front,Single,8SP,Passenger,1,2+9,,,,,28-02-F-S-8SP
28-02,"28'2""",Front,Single,8SP,Passenger,2,4,L1,1,Light,,28-02-F-S-8SP
28-02,"28'2""",Front,Single,8SP,Passenger,2,4,SP2,2,Speaker,,28-02-F-S-8SP
28-02,"28'2""",Front,Single,8SP,Passenger,2,4,SP4,4,Speaker,,28-02-F-S-8SP
28-02,"28'2""",Front,Single,8SP,Passenger,3,4,L1,1,Light,,28-02-F-S-8SP
28-02,"28'2""",Front,Single,8SP,Passenger,3,4,SP2,2,Speaker,,28-02-F-S-8SP
28-02,"28'2""",Front,Single,8SP,Passenger,3,4,SP4,4,Speaker,,28-02-F-S-8SP
29-08,"29'8""",None,Double,4SP,Driver,1,4,L1,1,Light,,29-08-0-D-4SP
29-08,"29'8""",None,Double,4SP,Driver,1,4,L3,3,Light,,29-08-0-D-4SP
29-08,"29'8""",None,Double,4SP,Driver,1,4,SP3,3,Speaker,,29-08-0-D-4SP
29-08,"29'8""",None,Double,4SP,Driver,2,4,L1,1,Light,,29-08-0-D-4SP
29-08,"29'8""",None,Double,4SP,Driver,2,4,L3,3,Light,,29-08-0-D-4SP
29-08,"29'8""",None,Double,4SP,Driver,2,4,SP4,4,Speaker,,29-08-0-D-4SP
29-08,"29'8""",None,Double,4SP,Driver,3,3,L1,1,Light,,29-08-0-D-4SP
29-08,"29'8""",None,Double,4SP,Driver,3,3,L3,3,Light,,29-08-0-D-4SP
29-08,"29'8""",None,Double,4SP,Passenger,1,4,L1,1,Light,,29-08-0-D-4SP
29-08,"29'8""",None,Double,4SP,Passenger,1,4,L3,3,Light,,29-08-0-D-4SP
29-08,"29'8""",None,Double,4SP,Passenger,2,4,L1,1,Light,,29-08-0-D-4SP
29-08,"29'8""",None,Double,4SP,Passenger,2,4,SP1,1,Speaker,,29-08-0-D-4SP
29-08,"29'8""",None,Double,4SP,Passenger,2,4,L3,3,Light,,29-08-0-D-4SP
29-08,"29'8""",None,Double,4SP,Passenger,3,3,L1,1,Light,,29-08-0-D-4SP
29-08,"29'8""",None,Double,4SP,Passenger,3,3,SP2,2,Speaker,,29-08-0-D-4SP
29-08,"29'8""",None,Double,4SP,Passenger,3,3,L3,3,Light,,29-08-0-D-4SP
29-08,"29'8""",None,Double,8SP,Driver,1,4,L1,1,Light,,29-08-0-D-8SP
29-08,"29'8""",None,Double,8SP,Driver,1,4,L3,3,Light,,29-08-0-D-8SP
29-08,"29'8""",None,Double,8SP,Driver,1,4,SP4,4,Speaker,,29-08-0-D-8SP
29-08,"29'8""",None,Double,8SP,Driver,2,4,L1,1,Light,,29-08-0-D-8SP
29-08,"29'8""",None,Double,8SP,Driver,2,4,SP2,2,Speaker,,29-08-0-D-8SP
29-08,"29'8""",None,Double,8SP,Driver,2,4,L3,3,Light,,29-08-0-D-8SP
29-08,"29'8""",None,Double,8SP,Driver,2,4,SP4,4,Speaker,,29-08-0-D-8SP
29-08,"29'8""",None,Double,8SP,Driver,3,3,L1,1,Light,,29-08-0-D-8SP
29-08,"29'8""",None,Double,8SP,Driver,3,3,SP2,2,Speaker,,29-08-0-D-8SP
29-08,"29'8""",None,Double,8SP,Driver,3,3,L3,3,Light,,29-08-0-D-8SP
29-08,"29'8""",None,Double,8SP,Passenger,1,4,L1,1,Light,,29-08-0-D-8SP
29-08,"29'8""",None,Double,8SP,Passenger,1,4,L3,3,Light,,29-08-0-D-8SP
29-08,"29'8""",None,Double,8SP,Passenger,1,4,SP4,4,Speaker,,29-08-0-D-8SP
29-08,"29'8""",None,Double,8SP,Passenger,2,4,L1,1,Light,,29-08-0-D-8SP
29-08,"29'8""",None,Double,8SP,Passenger,2,4,SP2,2,Speaker,,29-08-0-D-8SP
29-08,"29'8""",None,Double,8SP,Passenger,2,4,L3,3,Light,,29-08-0-D-8SP
29-08,"29'8""",None,Double,8SP,Passenger,3,3,L1,1,Light,,29-08-0-D-8SP
29-08,"29'8""",None,Double,8SP,Passenger,3,3,SP1,1,Speaker,,29-08-0-D-8SP
29-08,"29'8""",None,Double,8SP,Passenger,3,3,L3,3,Light,,29-08-0-D-8SP
29-08,"29'8""",None,Double,8SP,Passenger,3,3,SP3,3,Speaker,,29-08-0-D-8SP
29-08,"29'8""",None,Single,4SP,Driver,1,4,L1,1,Light,,29-08-0-S-4SP
29-08,"29'8""",None,Single,4SP,Driver,1,4,SP3,3,Speaker,,29-08-0-S-4SP
29-08,"29'8""",None,Single,4SP,Driver,2,4,L1,1,Light,,29-08-0-S-4SP
29-08,"29'8""",None,Single,4SP,Driver,2,4,SP4,4,Speaker,,29-08-0-S-4SP
29-08,"29'8""",None,Single,4SP,Driver,3,3,L1,1,Light,,29-08-0-S-4SP
29-08,"29'8""",None,Single,4SP,Passenger,1,4,L3,3,Light,,29-08-0-S-4SP
29-08,"29'8""",None,Single,4SP,Passenger,2,4,SP1,1,Speaker,,29-08-0-S-4SP
29-08,"29'8""",None,Single,4SP,Passenger,2,4,L3,3,Light,,29-08-0-S-4SP
29-08,"29'8""",None,Single,4SP,Passenger,3,3,SP2,2,Speaker,,29-08-0-S-4SP
29-08,"29'8""",None,Single,4SP,Passenger,3,3,L3,3,Light,,29-08-0-S-4SP
29-08,"29'8""",None,Single,8SP,Driver,1,4,L1,1,Light,,29-08-0-S-8SP
29-08,"29'8""",None,Single,8SP,Driver,1,4,SP4,4,Speaker,,29-08-0-S-8SP
29-08,"29'8""",None,Single,8SP,Driver,2,4,L1,1,Light,,29-08-0-S-8SP
29-08,"29'8""",None,Single,8SP,Driver,2,4,SP2,2,Speaker,,29-08-0-S-8SP
29-08,"29'8""",None,Single,8SP,Driver,2,4,SP4,4,Speaker,,29-08-0-S-8SP
29-08,"29'8""",None,Single,8SP,Driver,3,3,L1,1,Light,,29-08-0-S-8SP
29-08,"29'8""",None,Single,8SP,Driver,3,3,SP2,2,Speaker,,29-08-0-S-8SP
29-08,"29'8""",None,Single,8SP,Passenger,1,4,L3,3,Light,,29-08-0-S-8SP
29-08,"29'8""",None,Single,8SP,Passenger,1,4,SP4,4,Speaker,,29-08-0-S-8SP
29-08,"29'8""",None,Single,8SP,Passenger,2,4,SP2,2,Speaker,,29-08-0-S-8SP
29-08,"29'8""",None,Single,8SP,Passenger,2,4,L3,3,Light,,29-08-0-S-8SP
29-08,"29'8""",None,Single,8SP,Passenger,3,3,SP1,1,Speaker,,29-08-0-S-8SP
29-08,"29'8""",None,Single,8SP,Passenger,3,3,L3,3,Light,,29-08-0-S-8SP
29-08,"29'8""",None,Single,8SP,Passenger,3,3,SP3,3,Speaker,,29-08-0-S-8SP
30-05-F,"30'5""",Front,Double,4SP,Driver,1,3+9,L1,1,Light,,30-05-F-F-D-4SP
30-05-F,"30'5""",Front,Double,4SP,Driver,1,3+9,L3,3,Light,,30-05-F-F-D-4SP
30-05-F,"30'5""",Front,Double,4SP,Driver,1,3+9,SP3,3,Speaker,,30-05-F-F-D-4SP
30-05-F,"30'5""",Front,Double,4SP,Driver,2,4,L2,2,Light,,30-05-F-F-D-4SP
30-05-F,"30'5""",Front,Double,4SP,Driver,2,4,L4,4,Light,,30-05-F-F-D-4SP
30-05-F,"30'5""",Front,Double,4SP,Driver,3,4,SP1,1,Speaker,,30-05-F-F-D-4SP
30-05-F,"30'5""",Front,Double,4SP,Driver,3,4,L2,2,Light,,30-05-F-F-D-4SP
30-05-F,"30'5""",Front,Double,4SP,Driver,3,4,L4,4,Light,,30-05-F-F-D-4SP
30-05-F,"30'5""",Front,Double,4SP,Passenger,1,3+9,L1,1,Light,,30-05-F-F-D-4SP
30-05-F,"30'5""",Front,Double,4SP,Passenger,1,3+9,L3,3,Light,,30-05-F-F-D-4SP
30-05-F,"30'5""",Front,Double,4SP,Passenger,2,4,L2,2,Light,,30-05-F-F-D-4SP
30-05-F,"30'5""",Front,Double,4SP,Passenger,2,4,SP2,2,Speaker,,30-05-F-F-D-4SP
30-05-F,"30'5""",Front,Double,4SP,Passenger,2,4,L4,4,Light,,30-05-F-F-D-4SP
30-05-F,"30'5""",Front,Double,4SP,Passenger,3,4,L2,2,Light,,30-05-F-F-D-4SP
30-05-F,"30'5""",Front,Double,4SP,Passenger,3,4,SP3,3,Speaker,,30-05-F-F-D-4SP
30-05-F,"30'5""",Front,Double,4SP,Passenger,3,4,L4,4,Light,,30-05-F-F-D-4SP
30-05-F,"30'5""",Front,Double,8SP,Driver,1,3+9,L1,1,Light,,30-05-F-F-D-8SP
30-05-F,"30'5""",Front,Double,8SP,Driver,1,3+9,L3,3,Light,,30-05-F-F-D-8SP
30-05-F,"30'5""",Front,Double,8SP,Driver,2,4,SP1,1,Speaker,,30-05-F-F-D-8SP
30-05-F,"30'5""",Front,Double,8SP,Driver,2,4,L2,2,Light,,30-05-F-F-D-8SP
30-05-F,"30'5""",Front,Double,8SP,Driver,2,4,SP3,3,Speaker,,30-05-F-F-D-8SP
30-05-F,"30'5""",Front,Double,8SP,Driver,2,4,L4,4,Light,,30-05-F-F-D-8SP
30-05-F,"30'5""",Front,Double,8SP,Driver,3,4,SP1,1,Speaker,,30-05-F-F-D-8SP
30-05-F,"30'5""",Front,Double,8SP,Driver,3,4,L2,2,Light,,30-05-F-F-D-8SP
30-05-F,"30'5""",Front,Double,8SP,Driver,3,4,SP3,3,Speaker,,30-05-F-F-D-8SP
30-05-F,"30'5""",Front,Double,8SP,Driver,3,4,L4,4,Light,,30-05-F-F-D-8SP
30-05-F,"30'5""",Front,Double,8SP,Passenger,1,3+9,L1,1,Light,,30-05-F-F-D-8SP
30-05-F,"30'5""",Front,Double,8SP,Passenger,1,3+9,L3,3,Light,,30-05-F-F-D-8SP
30-05-F,"30'5""",Front,Double,8SP,Passenger,2,4,SP1,1,Speaker,,30-05-F-F-D-8SP
30-05-F,"30'5""",Front,Double,8SP,Passenger,2,4,L2,2,Light,,30-05-F-F-D-8SP
30-05-F,"30'5""",Front,Double,8SP,Passenger,2,4,SP3,3,Speaker,,30-05-F-F-D-8SP
30-05-F,"30'5""",Front,Double,8SP,Passenger,2,4,L4,4,Light,,30-05-F-F-D-8SP
30-05-F,"30'5""",Front,Double,8SP,Passenger,3,4,L2,2,Light,,30-05-F-F-D-8SP
30-05-F,"30'5""",Front,Double,8SP,Passenger,3,4,SP2,2,Speaker,,30-05-F-F-D-8SP
30-05-F,"30'5""",Front,Double,8SP,Passenger,3,4,L4,4,Light,,30-05-F-F-D-8SP
30-05-F,"30'5""",Front,Double,8SP,Passenger,3,4,SP4,4,Speaker,,30-05-F-F-D-8SP
30-05-F,"30'5""",Front,Single,4SP,Driver,1,3+9,L1,1,Light,,30-05-F-F-S-4SP
30-05-F,"30'5""",Front,Single,4SP,Driver,1,3+9,SP3,3,Speaker,,30-05-F-F-S-4SP
30-05-F,"30'5""",Front,Single,4SP,Driver,2,4,L2,2,Light,,30-05-F-F-S-4SP
30-05-F,"30'5""",Front,Single,4SP,Driver,3,4,SP1,1,Speaker,,30-05-F-F-S-4SP
30-05-F,"30'5""",Front,Single,4SP,Driver,3,4,L2,2,Light,,30-05-F-F-S-4SP
30-05-F,"30'5""",Front,Single,4SP,Passenger,1,3+9,L3,3,Light,,30-05-F-F-S-4SP
30-05-F,"30'5""",Front,Single,4SP,Passenger,2,4,SP2,2,Speaker,,30-05-F-F-S-4SP
30-05-F,"30'5""",Front,Single,4SP,Passenger,2,4,L4,4,Light,,30-05-F-F-S-4SP
30-05-F,"30'5""",Front,Single,4SP,Passenger,3,4,SP3,3,Speaker,,30-05-F-F-S-4SP
30-05-F,"30'5""",Front,Single,4SP,Passenger,3,4,L4,4,Light,,30-05-F-F-S-4SP
30-05-F,"30'5""",Front,Single,8SP,Driver,1,3+9,L1,1,Light,,30-05-F-F-S-8SP
30-05-F,"30'5""",Front,Single,8SP,Driver,2,4,SP1,1,Speaker,,30-05-F-F-S-8SP
30-05-F,"30'5""",Front,Single,8SP,Driver,2,4,L2,2,Light,,30-05-F-F-S-8SP
30-05-F,"30'5""",Front,Single,8SP,Driver,2,4,SP3,3,Speaker,,30-05-F-F-S-8SP
30-05-F,"30'5""",Front,Single,8SP,Driver,3,4,SP1,1,Speaker,,30-05-F-F-S-8SP
30-05-F,"30'5""",Front,Single,8SP,Driver,3,4,L2,2,Light,,30-05-F-F-S-8SP
30-05-F,"30'5""",Front,Single,8SP,Driver,3,4,SP3,3,Speaker,,30-05-F-F-S-8SP
30-05-F,"30'5""",Front,Single,8SP,Passenger,1,3+9,L3,3,Light,,30-05-F-F-S-8SP
30-05-F,"30'5""",Front,Single,8SP,Passenger,2,4,SP1,1,Speaker,,30-05-F-F-S-8SP
30-05-F,"30'5""",Front,Single,8SP,Passenger,2,4,SP3,3,Speaker,,30-05-F-F-S-8SP
30-05-F,"30'5""",Front,Single,8SP,Passenger,2,4,L4,4,Light,,30-05-F-F-S-8SP
30-05-F,"30'5""",Front,Single,8SP,Passenger,3,4,SP2,2,Speaker,,30-05-F-F-S-8SP
30-05-F,"30'5""",Front,Single,8SP,Passenger,3,4,L4,4,Light,,30-05-F-F-S-8SP
30-05-F,"30'5""",Front,Single,8SP,Passenger,3,4,SP4,4,Speaker,,30-05-F-F-S-8SP
30-05-R,"30'5""",Rear,Double,4SP,Driver,1,4,L1,1,Light,,30-05-R-R-D-4SP
30-05-R,"30'5""",Rear,Double,4SP,Driver,1,4,L3,3,Light,,30-05-R-R-D-4SP
30-05-R,"30'5""",Rear,Double,4SP,Driver,1,4,SP3,3,Speaker,,30-05-R-R-D-4SP
30-05-R,"30'5""",Rear,Double,4SP,Driver,2,4,L1,1,Light,,30-05-R-R-D-4SP
30-05-R,"30'5""",Rear,Double,4SP,Driver,2,4,L3,3,Light,,30-05-R-R-D-4SP
30-05-R,"30'5""",Rear,Double,4SP,Driver,2,4,SP4,4,Speaker,,30-05-R-R-D-4SP
30-05-R,"30'5""",Rear,Double,4SP,Driver,3,3+9,L1,1,Light,,30-05-R-R-D-4SP
30-05-R,"30'5""",Rear,Double,4SP,Driver,3,3+9,L3,3,Light,,30-05-R-R-D-4SP
30-05-R,"30'5""",Rear,Double,4SP,Passenger,1,4,L1,1,Light,,30-05-R-R-D-4SP
30-05-R,"30'5""",Rear,Double,4SP,Passenger,1,4,L3,3,Light,,30-05-R-R-D-4SP
30-05-R,"30'5""",Rear,Double,4SP,Passenger,2,4,L1,1,Light,,30-05-R-R-D-4SP
30-05-R,"30'5""",Rear,Double,4SP,Passenger,2,4,SP1,1,Speaker,,30-05-R-R-D-4SP
30-05-R,"30'5""",Rear,Double,4SP,Passenger,2,4,L3,3,Light,,30-05-R-R-D-4SP
30-05-R,"30'5""",Rear,Double,4SP,Passenger,3,3+9,L1,1,Light,,30-05-R-R-D-4SP
30-05-R,"30'5""",Rear,Double,4SP,Passenger,3,3+9,SP2,2,Speaker,,30-05-R-R-D-4SP
30-05-R,"30'5""",Rear,Double,4SP,Passenger,3,3+9,L3,3,Light,,30-05-R-R-D-4SP
30-05-R,"30'5""",Rear,Double,8SP,Driver,1,4,L1,1,Light,,30-05-R-R-D-8SP
30-05-R,"30'5""",Rear,Double,8SP,Driver,1,4,L3,3,Light,,30-05-R-R-D-8SP
30-05-R,"30'5""",Rear,Double,8SP,Driver,1,4,SP4,4,Speaker,,30-05-R-R-D-8SP
30-05-R,"30'5""",Rear,Double,8SP,Driver,2,4,L1,1,Light,,30-05-R-R-D-8SP
30-05-R,"30'5""",Rear,Double,8SP,Driver,2,4,SP2,2,Speaker,,30-05-R-R-D-8SP
30-05-R,"30'5""",Rear,Double,8SP,Driver,2,4,L3,3,Light,,30-05-R-R-D-8SP
30-05-R,"30'5""",Rear,Double,8SP,Driver,2,4,SP4,4,Speaker,,30-05-R-R-D-8SP
30-05-R,"30'5""",Rear,Double,8SP,Driver,3,3+9,L1,1,Light,,30-05-R-R-D-8SP
30-05-R,"30'5""",Rear,Double,8SP,Driver,3,3+9,SP2,2,Speaker,,30-05-R-R-D-8SP
30-05-R,"30'5""",Rear,Double,8SP,Driver,3,3+9,L3,3,Light,,30-05-R-R-D-8SP
30-05-R,"30'5""",Rear,Double,8SP,Passenger,1,4,L1,1,Light,,30-05-R-R-D-8SP
30-05-R,"30'5""",Rear,Double,8SP,Passenger,1,4,L3,3,Light,,30-05-R-R-D-8SP
30-05-R,"30'5""",Rear,Double,8SP,Passenger,1,4,SP4,4,Speaker,,30-05-R-R-D-8SP
30-05-R,"30'5""",Rear,Double,8SP,Passenger,2,4,L1,1,Light,,30-05-R-R-D-8SP
30-05-R,"30'5""",Rear,Double,8SP,Passenger,2,4,SP2,2,Speaker,,30-05-R-R-D-8SP
30-05-R,"30'5""",Rear,Double,8SP,Passenger,2,4,L3,3,Light,,30-05-R-R-D-8SP
30-05-R,"30'5""",Rear,Double,8SP,Passenger,3,3+9,L1,1,Light,,30-05-R-R-D-8SP
30-05-R,"30'5""",Rear,Double,8SP,Passenger,3,3+9,SP1,1,Speaker,,30-05-R-R-D-8SP
30-05-R,"30'5""",Rear,Double,8SP,Passenger,3,3+9,L3,3,Light,,30-05-R-R-D-8SP
30-05-R,"30'5""",Rear,Double,8SP,Passenger,3,3+9,SP3,3,Speaker,,30-05-R-R-D-8SP
30-05-R,"30'5""",Rear,Single,4SP,Driver,1,4,L1,1,Light,,30-05-R-R-S-4SP
30-05-R,"30'5""",Rear,Single,4SP,Driver,1,4,SP3,3,Speaker,,30-05-R-R-S-4SP
30-05-R,"30'5""",Rear,Single,4SP,Driver,2,4,L1,1,Light,,30-05-R-R-S-4SP
30-05-R,"30'5""",Rear,Single,4SP,Driver,2,4,SP4,4,Speaker,,30-05-R-R-S-4SP
30-05-R,"30'5""",Rear,Single,4SP,Driver,3,3+9,L1,1,Light,,30-05-R-R-S-4SP
30-05-R,"30'5""",Rear,Single,4SP,Passenger,1,4,L3,3,Light,,30-05-R-R-S-4SP
30-05-R,"30'5""",Rear,Single,4SP,Passenger,2,4,SP1,1,Speaker,,30-05-R-R-S-4SP
30-05-R,"30'5""",Rear,Single,4SP,Passenger,2,4,L3,3,Light,,30-05-R-R-S-4SP
30-05-R,"30'5""",Rear,Single,4SP,Passenger,3,3+9,SP2,2,Speaker,,30-05-R-R-S-4SP
30-05-R,"30'5""",Rear,Single,4SP,Passenger,3,3+9,L3,3,Light,,30-05-R-R-S-4SP
30-05-R,"30'5""",Rear,Single,8SP,Driver,1,4,L1,1,Light,,30-05-R-R-S-8SP
30-05-R,"30'5""",Rear,Single,8SP,Driver,1,4,SP4,4,Speaker,,30-05-R-R-S-8SP
30-05-R,"30'5""",Rear,Single,8SP,Driver,2,4,L1,1,Light,,30-05-R-R-S-8SP
30-05-R,"30'5""",Rear,Single,8SP,Driver,2,4,SP2,2,Speaker,,30-05-R-R-S-8SP
30-05-R,"30'5""",Rear,Single,8SP,Driver,2,4,SP4,4,Speaker,,30-05-R-R-S-8SP
30-05-R,"30'5""",Rear,Single,8SP,Driver,3,3+9,L1,1,Light,,30-05-R-R-S-8SP
30-05-R,"30'5""",Rear,Single,8SP,Driver,3,3+9,SP2,2,Speaker,,30-05-R-R-S-8SP
30-05-R,"30'5""",Rear,Single,8SP,Passenger,1,4,L3,3,Light,,30-05-R-R-S-8SP
30-05-R,"30'5""",Rear,Single,8SP,Passenger,1,4,SP4,4,Speaker,,30-05-R-R-S-8SP
30-05-R,"30'5""",Rear,Single,8SP,Passenger,2,4,SP2,2,Speaker,,30-05-R-R-S-8SP
30-05-R,"30'5""",Rear,Single,8SP,Passenger,2,4,L3,3,Light,,30-05-R-R-S-8SP
30-05-R,"30'5""",Rear,Single,8SP,Passenger,3,3+9,SP1,1,Speaker,,30-05-R-R-S-8SP
30-05-R,"30'5""",Rear,Single,8SP,Passenger,3,3+9,L3,3,Light,,30-05-R-R-S-8SP
30-05-R,"30'5""",Rear,Single,8SP,Passenger,3,3+9,SP3,3,Speaker,,30-05-R-R-S-8SP
31-11,"31'11""",None,Double,4SP,Driver,1,4,L1,1,Light,,31-11-0-D-4SP
31-11,"31'11""",None,Double,4SP,Driver,1,4,L3,3,Light,,31-11-0-D-4SP
31-11,"31'11""",None,Double,4SP,Driver,1,4,SP3,3,Speaker,,31-11-0-D-4SP
31-11,"31'11""",None,Double,4SP,Driver,2,4,L1,1,Light,,31-11-0-D-4SP
31-11,"31'11""",None,Double,4SP,Driver,2,4,L3,3,Light,,31-11-0-D-4SP
31-11,"31'11""",None,Double,4SP,Driver,2,4,SP4,4,Speaker,,31-11-0-D-4SP
31-11,"31'11""",None,Double,4SP,Driver,3,4,L1,1,Light,,31-11-0-D-4SP
31-11,"31'11""",None,Double,4SP,Driver,3,4,L3,3,Light,,31-11-0-D-4SP
31-11,"31'11""",None,Double,4SP,Passenger,1,4,L1,1,Light,,31-11-0-D-4SP
31-11,"31'11""",None,Double,4SP,Passenger,1,4,L3,3,Light,,31-11-0-D-4SP
31-11,"31'11""",None,Double,4SP,Passenger,2,4,L1,1,Light,,31-11-0-D-4SP
31-11,"31'11""",None,Double,4SP,Passenger,2,4,SP1,1,Speaker,,31-11-0-D-4SP
31-11,"31'11""",None,Double,4SP,Passenger,2,4,L3,3,Light,,31-11-0-D-4SP
31-11,"31'11""",None,Double,4SP,Passenger,3,4,L1,1,Light,,31-11-0-D-4SP
31-11,"31'11""",None,Double,4SP,Passenger,3,4,L3,3,Light,,31-11-0-D-4SP
31-11,"31'11""",None,Double,4SP,Passenger,3,4,SP3,3,Speaker,,31-11-0-D-4SP
31-11,"31'11""",None,Double,8SP,Driver,1,4,L1,1,Light,,31-11-0-D-8SP
31-11,"31'11""",None,Double,8SP,Driver,1,4,L3,3,Light,,31-11-0-D-8SP
31-11,"31'11""",None,Double,8SP,Driver,1,4,SP3,3,Speaker,,31-11-0-D-8SP
31-11,"31'11""",None,Double,8SP,Driver,2,4,L1,1,Light,,31-11-0-D-8SP
31-11,"31'11""",None,Double,8SP,Driver,2,4,SP2,2,Speaker,,31-11-0-D-8SP
31-11,"31'11""",None,Double,8SP,Driver,2,4,L3,3,Light,,31-11-0-D-8SP
31-11,"31'11""",None,Double,8SP,Driver,3,4,L1,1,Light,,31-11-0-D-8SP
31-11,"31'11""",None,Double,8SP,Driver,3,4,SP1,1,Speaker,,31-11-0-D-8SP
31-11,"31'11""",None,Double,8SP,Driver,3,4,L3,3,Light,,31-11-0-D-8SP
31-11,"31'11""",None,Double,8SP,Driver,3,4,SP4,4,Speaker,,31-11-0-D-8SP
31-11,"31'11""",None,Double,8SP,Passenger,1,4,L1,1,Light,,31-11-0-D-8SP
31-11,"31'11""",None,Double,8SP,Passenger,1,4,SP2,2,Speaker,,31-11-0-D-8SP
31-11,"31'11""",None,Double,8SP,Passenger,1,4,L3,3,Light,,31-11-0-D-8SP
31-11,"31'11""",None,Double,8SP,Passenger,2,4,L1,1,Light,,31-11-0-D-8SP
31-11,"31'11""",None,Double,8SP,Passenger,2,4,SP2,2,Speaker,,31-11-0-D-8SP
31-11,"31'11""",None,Double,8SP,Passenger,2,4,L3,3,Light,,31-11-0-D-8SP
31-11,"31'11""",None,Double,8SP,Passenger,2,4,SP4,4,Speaker,,31-11-0-D-8SP
31-11,"31'11""",None,Double,8SP,Passenger,3,4,L1,1,Light,,31-11-0-D-8SP
31-11,"31'11""",None,Double,8SP,Passenger,3,4,L3,3,Light,,31-11-0-D-8SP
31-11,"31'11""",None,Double,8SP,Passenger,3,4,SP3,3,Speaker,,31-11-0-D-8SP
31-11,"31'11""",None,Single,4SP,Driver,1,4,L1,1,Light,,31-11-0-S-4SP
31-11,"31'11""",None,Single,4SP,Driver,1,4,SP3,3,Speaker,,31-11-0-S-4SP
31-11,"31'11""",None,Single,4SP,Driver,2,4,L1,1,Light,,31-11-0-S-4SP
31-11,"31'11""",None,Single,4SP,Driver,2,4,SP4,4,Speaker,,31-11-0-S-4SP
31-11,"31'11""",None,Single,4SP,Driver,3,4,L1,1,Light,,31-11-0-S-4SP
31-11,"31'11""",None,Single,4SP,Passenger,1,4,L3,3,Light,,31-11-0-S-4SP
31-11,"31'11""",None,Single,4SP,Passenger,2,4,SP1,1,Speaker,,31-11-0-S-4SP
31-11,"31'11""",None,Single,4SP,Passenger,2,4,L3,3,Light,,31-11-0-S-4SP
31-11,"31'11""",None,Single,4SP,Passenger,3,4,L3,3,Light,,31-11-0-S-4SP
31-11,"31'11""",None,Single,4SP,Passenger,3,4,SP3,3,Speaker,,31-11-0-S-4SP
31-11,"31'11""",None,Single,8SP,Driver,1,4,L1,1,Light,,31-11-0-S-8SP
31-11,"31'11""",None,Single,8SP,Driver,1,4,SP3,3,Speaker,,31-11-0-S-8SP
31-11,"31'11""",None,Single,8SP,Driver,2,4,L1,1,Light,,31-11-0-S-8SP
31-11,"31'11""",None,Single,8SP,Driver,2,4,SP2,2,Speaker,,31-11-0-S-8SP
31-11,"31'11""",None,Single,8SP,Driver,3,4,L1,1,Light,,31-11-0-S-8SP
31-11,"31'11""",None,Single,8SP,Driver,3,4,SP1,1,Speaker,,31-11-0-S-8SP
31-11,"31'11""",None,Single,8SP,Driver,3,4,SP4,4,Speaker,,31-11-0-S-8SP
31-11,"31'11""",None,Single,8SP,Passenger,1,4,SP2,2,Speaker,,31-11-0-S-8SP
31-11,"31'11""",None,Single,8SP,Passenger,1,4,L3,3,Light,,31-11-0-S-8SP
31-11,"31'11""",None,Single,8SP,Passenger,2,4,SP2,2,Speaker,,31-11-0-S-8SP
31-11,"31'11""",None,Single,8SP,Passenger,2,4,L3,3,Light,,31-11-0-S-8SP
31-11,"31'11""",None,Single,8SP,Passenger,2,4,SP4,4,Speaker,,31-11-0-S-8SP
31-11,"31'11""",None,Single,8SP,Passenger,3,4,L3,3,Light,,31-11-0-S-8SP
31-11,"31'11""",None,Single,8SP,Passenger,3,4,SP3,3,Speaker,,31-11-0-S-8SP
31-02,"31'2""",FrontAndRear,Double,4SP,Driver,1,3+9,L1,1,Light,,31-02-FR-D-4SP
31-02,"31'2""",FrontAndRear,Double,4SP,Driver,1,3+9,L3,3,Light,,31-02-FR-D-4SP
31-02,"31'2""",FrontAndRear,Double,4SP,Driver,1,3+9,SP3,3,Speaker,,31-02-FR-D-4SP
31-02,"31'2""",FrontAndRear,Double,4SP,Driver,2,3,L2,2,Light,,31-02-FR-D-4SP
31-02,"31'2""",FrontAndRear,Double,4SP,Driver,3,2,L1,1,Light,,31-02-FR-D-4SP
31-02,"31'2""",FrontAndRear,Double,4SP,Driver,3,2,SP1,1,Speaker,,31-02-FR-D-4SP
31-02,"31'2""",FrontAndRear,Double,4SP,Driver,4,3+9,L1,1,Light,,31-02-FR-D-4SP
31-02,"31'2""",FrontAndRear,Double,4SP,Driver,4,3+9,L3,3,Light,,31-02-FR-D-4SP
31-02,"31'2""",FrontAndRear,Double,4SP,Passenger,1,3+9,L1,1,Light,,31-02-FR-D-4SP
31-02,"31'2""",FrontAndRear,Double,4SP,Passenger,1,3+9,L3,3,Light,,31-02-FR-D-4SP
31-02,"31'2""",FrontAndRear,Double,4SP,Passenger,2,3,L2,2,Light,,31-02-FR-D-4SP
31-02,"31'2""",FrontAndRear,Double,4SP,Passenger,2,3,SP2,2,Speaker,,31-02-FR-D-4SP
31-02,"31'2""",FrontAndRear,Double,4SP,Passenger,3,2,L1,1,Light,,31-02-FR-D-4SP
31-02,"31'2""",FrontAndRear,Double,4SP,Passenger,4,3+9,L1,1,Light,,31-02-FR-D-4SP
31-02,"31'2""",FrontAndRear,Double,4SP,Passenger,4,3+9,SP2,2,Speaker,,31-02-FR-D-4SP
31-02,"31'2""",FrontAndRear,Double,4SP,Passenger,4,3+9,L3,3,Light,,31-02-FR-D-4SP
31-02,"31'2""",FrontAndRear,Double,8SP,Driver,1,3+9,L1,1,Light,,31-02-FR-D-8SP
31-02,"31'2""",FrontAndRear,Double,8SP,Driver,1,3+9,L3,3,Light,,31-02-FR-D-8SP
31-02,"31'2""",FrontAndRear,Double,8SP,Driver,1,3+9,SP3,3,Speaker,,31-02-FR-D-8SP
31-02,"31'2""",FrontAndRear,Double,8SP,Driver,2,3,L2,2,Light,,31-02-FR-D-8SP
31-02,"31'2""",FrontAndRear,Double,8SP,Driver,2,3,SP2,2,Speaker,,31-02-FR-D-8SP
31-02,"31'2""",FrontAndRear,Double,8SP,Driver,3,2,L1,1,Light,,31-02-FR-D-8SP
31-02,"31'2""",FrontAndRear,Double,8SP,Driver,3,2,SP2,2,Speaker,,31-02-FR-D-8SP
31-02,"31'2""",FrontAndRear,Double,8SP,Driver,4,3+9,L1,1,Light,,31-02-FR-D-8SP
31-02,"31'2""",FrontAndRear,Double,8SP,Driver,4,3+9,SP2,2,Speaker,,31-02-FR-D-8SP
31-02,"31'2""",FrontAndRear,Double,8SP,Driver,4,3+9,L3,3,Light,,31-02-FR-D-8SP
31-02,"31'2""",FrontAndRear,Double,8SP,Passenger,1,3+9,L1,1,Light,,31-02-FR-D-8SP
31-02,"31'2""",FrontAndRear,Double,8SP,Passenger,1,3+9,L3,3,Light,,31-02-FR-D-8SP
31-02,"31'2""",FrontAndRear,Double,8SP,Passenger,2,3,SP1,1,Speaker,,31-02-FR-D-8SP
31-02,"31'2""",FrontAndRear,Double,8SP,Passenger,2,3,L2,2,Light,,31-02-FR-D-8SP
31-02,"31'2""",FrontAndRear,Double,8SP,Passenger,2,3,SP3,3,Speaker,,31-02-FR-D-8SP
31-02,"31'2""",FrontAndRear,Double,8SP,Passenger,3,2,L1,1,Light,,31-02-FR-D-8SP
31-02,"31'2""",FrontAndRear,Double,8SP,Passenger,4,3+9,L1,1,Light,,31-02-FR-D-8SP
31-02,"31'2""",FrontAndRear,Double,8SP,Passenger,4,3+9,SP1,1,Speaker,,31-02-FR-D-8SP
31-02,"31'2""",FrontAndRear,Double,8SP,Passenger,4,3+9,L3,3,Light,,31-02-FR-D-8SP
31-02,"31'2""",FrontAndRear,Double,8SP,Passenger,4,3+9,SP3,3,Speaker,,31-02-FR-D-8SP
31-02,"31'2""",FrontAndRear,Single,4SP,Driver,1,3+9,L1,1,Light,,31-02-FR-S-4SP
31-02,"31'2""",FrontAndRear,Single,4SP,Driver,1,3+9,SP3,3,Speaker,,31-02-FR-S-4SP
31-02,"31'2""",FrontAndRear,Single,4SP,Driver,2,3,L2,2,Light,,31-02-FR-S-4SP
31-02,"31'2""",FrontAndRear,Single,4SP,Driver,3,2,SP1,1,Speaker,,31-02-FR-S-4SP
31-02,"31'2""",FrontAndRear,Single,4SP,Driver,4,3+9,L1,1,Light,,31-02-FR-S-4SP
31-02,"31'2""",FrontAndRear,Single,4SP,Passenger,1,3+9,L3,3,Light,,31-02-FR-S-4SP
31-02,"31'2""",FrontAndRear,Single,4SP,Passenger,2,3,SP2,2,Speaker,,31-02-FR-S-4SP
31-02,"31'2""",FrontAndRear,Single,4SP,Passenger,3,2,L1,1,Light,,31-02-FR-S-4SP
31-02,"31'2""",FrontAndRear,Single,4SP,Passenger,4,3+9,SP2,2,Speaker,,31-02-FR-S-4SP
31-02,"31'2""",FrontAndRear,Single,4SP,Passenger,4,3+9,L3,3,Light,,31-02-FR-S-4SP
31-02,"31'2""",FrontAndRear,Single,8SP,Driver,1,3+9,L1,1,Light,,31-02-FR-S-8SP
31-02,"31'2""",FrontAndRear,Single,8SP,Driver,1,3+9,SP3,3,Speaker,,31-02-FR-S-8SP
31-02,"31'2""",FrontAndRear,Single,8SP,Driver,2,3,L2,2,Light,,31-02-FR-S-8SP
31-02,"31'2""",FrontAndRear,Single,8SP,Driver,2,3,SP2,2,Speaker,,31-02-FR-S-8SP
31-02,"31'2""",FrontAndRear,Single,8SP,Driver,3,2,SP2,2,Speaker,,31-02-FR-S-8SP
31-02,"31'2""",FrontAndRear,Single,8SP,Driver,4,3+9,L1,1,Light,,31-02-FR-S-8SP
31-02,"31'2""",FrontAndRear,Single,8SP,Driver,4,3+9,SP2,2,Speaker,,31-02-FR-S-8SP
31-02,"31'2""",FrontAndRear,Single,8SP,Passenger,1,3+9,L3,3,Light,,31-02-FR-S-8SP
31-02,"31'2""",FrontAndRear,Single,8SP,Passenger,2,3,SP1,1,Speaker,,31-02-FR-S-8SP
31-02,"31'2""",FrontAndRear,Single,8SP,Passenger,2,3,SP3,3,Speaker,,31-02-FR-S-8SP
31-02,"31'2""",FrontAndRear,Single,8SP,Passenger,3,2,L1,1,Light,,31-02-FR-S-8SP
31-02,"31'2""",FrontAndRear,Single,8SP,Passenger,4,3+9,SP1,1,Speaker,,31-02-FR-S-8SP
31-02,"31'2""",FrontAndRear,Single,8SP,Passenger,4,3+9,L3,3,Light,,31-02-FR-S-8SP
31-02,"31'2""",FrontAndRear,Single,8SP,Passenger,4,3+9,SP3,3,Speaker,,31-02-FR-S-8SP
32-08-F,"32'8""",Front,Double,4SP,Driver,1,2+9,L1,1,Light,,32-08-F-F-D-4SP
32-08-F,"32'8""",Front,Double,4SP,Driver,2,4,L1,1,Light,,32-08-F-F-D-4SP
32-08-F,"32'8""",Front,Double,4SP,Driver,2,4,SP1,1,Speaker,,32-08-F-F-D-4SP
32-08-F,"32'8""",Front,Double,4SP,Driver,2,4,L3,3,Light,,32-08-F-F-D-4SP
32-08-F,"32'8""",Front,Double,4SP,Driver,3,4,L1,1,Light,,32-08-F-F-D-4SP
32-08-F,"32'8""",Front,Double,4SP,Driver,3,4,SP2,2,Speaker,,32-08-F-F-D-4SP
32-08-F,"32'8""",Front,Double,4SP,Driver,3,4,L3,3,Light,,32-08-F-F-D-4SP
32-08-F,"32'8""",Front,Double,4SP,Driver,4,2,L1,1,Light,,32-08-F-F-D-4SP
32-08-F,"32'8""",Front,Double,4SP,Passenger,1,2+9,L1,1,Light,,32-08-F-F-D-4SP
32-08-F,"32'8""",Front,Double,4SP,Passenger,2,4,L1,1,Light,,32-08-F-F-D-4SP
32-08-F,"32'8""",Front,Double,4SP,Passenger,2,4,L3,3,Light,,32-08-F-F-D-4SP
32-08-F,"32'8""",Front,Double,4SP,Passenger,2,4,SP3,3,Speaker,,32-08-F-F-D-4SP
32-08-F,"32'8""",Front,Double,4SP,Passenger,3,4,L1,1,Light,,32-08-F-F-D-4SP
32-08-F,"32'8""",Front,Double,4SP,Passenger,3,4,L3,3,Light,,32-08-F-F-D-4SP
32-08-F,"32'8""",Front,Double,4SP,Passenger,4,2,L1,1,Light,,32-08-F-F-D-4SP
32-08-F,"32'8""",Front,Double,4SP,Passenger,4,2,SP1,1,Speaker,,32-08-F-F-D-4SP
32-08-F,"32'8""",Front,Double,8SP,Driver,1,2+9,L1,1,Light,,32-08-F-F-D-8SP
32-08-F,"32'8""",Front,Double,8SP,Driver,2,4,L1,1,Light,,32-08-F-F-D-8SP
32-08-F,"32'8""",Front,Double,8SP,Driver,2,4,SP1,1,Speaker,,32-08-F-F-D-8SP
32-08-F,"32'8""",Front,Double,8SP,Driver,2,4,L3,3,Light,,32-08-F-F-D-8SP
32-08-F,"32'8""",Front,Double,8SP,Driver,2,4,SP4,4,Speaker,,32-08-F-F-D-8SP
32-08-F,"32'8""",Front,Double,8SP,Driver,3,4,L1,1,Light,,32-08-F-F-D-8SP
32-08-F,"32'8""",Front,Double,8SP,Driver,3,4,L3,3,Light,,32-08-F-F-D-8SP
32-08-F,"32'8""",Front,Double,8SP,Driver,3,4,SP3,3,Speaker,,32-08-F-F-D-8SP
32-08-F,"32'8""",Front,Double,8SP,Driver,4,2,L1,1,Light,,32-08-F-F-D-8SP
32-08-F,"32'8""",Front,Double,8SP,Driver,4,2,SP2,2,Speaker,,32-08-F-F-D-8SP
32-08-F,"32'8""",Front,Double,8SP,Passenger,1,2+9,L1,1,Light,,32-08-F-F-D-8SP
32-08-F,"32'8""",Front,Double,8SP,Passenger,1,2+9,SP2,2,Speaker,,32-08-F-F-D-8SP
32-08-F,"32'8""",Front,Double,8SP,Passenger,2,4,L1,1,Light,,32-08-F-F-D-8SP
32-08-F,"32'8""",Front,Double,8SP,Passenger,2,4,L3,3,Light,,32-08-F-F-D-8SP
32-08-F,"32'8""",Front,Double,8SP,Passenger,2,4,SP4,4,Speaker,,32-08-F-F-D-8SP
32-08-F,"32'8""",Front,Double,8SP,Passenger,3,4,L1,1,Light,,32-08-F-F-D-8SP
32-08-F,"32'8""",Front,Double,8SP,Passenger,3,4,SP2,2,Speaker,,32-08-F-F-D-8SP
32-08-F,"32'8""",Front,Double,8SP,Passenger,3,4,L3,3,Light,,32-08-F-F-D-8SP
32-08-F,"32'8""",Front,Double,8SP,Passenger,4,2,L1,1,Light,,32-08-F-F-D-8SP
32-08-F,"32'8""",Front,Double,8SP,Passenger,4,2,SP1,1,Speaker,,32-08-F-F-D-8SP
32-08-F,"32'8""",Front,Single,4SP,Driver,1,2+9,L1,1,Light,,32-08-F-F-S-4SP
32-08-F,"32'8""",Front,Single,4SP,Driver,2,4,SP1,1,Speaker,,32-08-F-F-S-4SP
32-08-F,"32'8""",Front,Single,4SP,Driver,2,4,L3,3,Light,,32-08-F-F-S-4SP
32-08-F,"32'8""",Front,Single,4SP,Driver,3,4,SP2,2,Speaker,,32-08-F-F-S-4SP
32-08-F,"32'8""",Front,Single,4SP,Driver,3,4,L3,3,Light,,32-08-F-F-S-4SP
32-08-F,"32'8""",Front,Single,4SP,Driver,4,2,,,,,32-08-F-F-S-4SP
32-08-F,"32'8""",Front,Single,4SP,Passenger,1,2+9,,,,,32-08-F-F-S-4SP
32-08-F,"32'8""",Front,Single,4SP,Passenger,2,4,L1,1,Light,,32-08-F-F-S-4SP
32-08-F,"32'8""",Front,Single,4SP,Passenger,2,4,SP3,3,Speaker,,32-08-F-F-S-4SP
32-08-F,"32'8""",Front,Single,4SP,Passenger,3,4,L1,1,Light,,32-08-F-F-S-4SP
32-08-F,"32'8""",Front,Single,4SP,Passenger,4,2,L1,1,Light,,32-08-F-F-S-4SP
32-08-F,"32'8""",Front,Single,4SP,Passenger,4,2,SP1,1,Speaker,,32-08-F-F-S-4SP
32-08-F,"32'8""",Front,Single,8SP,Driver,1,2+9,L1,1,Light,,32-08-F-F-S-8SP
32-08-F,"32'8""",Front,Single,8SP,Driver,2,4,SP1,1,Speaker,,32-08-F-F-S-8SP
32-08-F,"32'8""",Front,Single,8SP,Driver,2,4,L3,3,Light,,32-08-F-F-S-8SP
32-08-F,"32'8""",Front,Single,8SP,Driver,2,4,SP4,4,Speaker,,32-08-F-F-S-8SP
32-08-F,"32'8""",Front,Single,8SP,Driver,3,4,L3,3,Light,,32-08-F-F-S-8SP
32-08-F,"32'8""",Front,Single,8SP,Driver,3,4,SP3,3,Speaker,,32-08-F-F-S-8SP
32-08-F,"32'8""",Front,Single,8SP,Driver,4,2,SP2,2,Speaker,,32-08-F-F-S-8SP
32-08-F,"32'8""",Front,Single,8SP,Passenger,1,2+9,SP2,2,Speaker,,32-08-F-F-S-8SP
32-08-F,"32'8""",Front,Single,8SP,Passenger,2,4,L1,1,Light,,32-08-F-F-S-8SP
32-08-F,"32'8""",Front,Single,8SP,Passenger,2,4,SP4,4,Speaker,,32-08-F-F-S-8SP
32-08-F,"32'8""",Front,Single,8SP,Passenger,3,4,L1,1,Light,,32-08-F-F-S-8SP
32-08-F,"32'8""",Front,Single,8SP,Passenger,3,4,SP2,2,Speaker,,32-08-F-F-S-8SP
32-08-F,"32'8""",Front,Single,8SP,Passenger,4,2,L1,1,Light,,32-08-F-F-S-8SP
32-08-F,"32'8""",Front,Single,8SP,Passenger,4,2,SP1,1,Speaker,,32-08-F-F-S-8SP
32-08-R,"32'8""",Rear,Double,4SP,Driver,1,4,L1,1,Light,,32-08-R-R-D-4SP
32-08-R,"32'8""",Rear,Double,4SP,Driver,1,4,L3,3,Light,,32-08-R-R-D-4SP
32-08-R,"32'8""",Rear,Double,4SP,Driver,1,4,SP3,3,Speaker,,32-08-R-R-D-4SP
32-08-R,"32'8""",Rear,Double,4SP,Driver,2,4,L1,1,Light,,32-08-R-R-D-4SP
32-08-R,"32'8""",Rear,Double,4SP,Driver,2,4,L3,3,Light,,32-08-R-R-D-4SP
32-08-R,"32'8""",Rear,Double,4SP,Driver,2,4,SP4,4,Speaker,,32-08-R-R-D-4SP
32-08-R,"32'8""",Rear,Double,4SP,Driver,3,2,L1,1,Light,,32-08-R-R-D-4SP
32-08-R,"32'8""",Rear,Double,4SP,Driver,4,2+9,L1,1,Light,,32-08-R-R-D-4SP
32-08-R,"32'8""",Rear,Double,4SP,Passenger,1,4,L1,1,Light,,32-08-R-R-D-4SP
32-08-R,"32'8""",Rear,Double,4SP,Passenger,1,4,L3,3,Light,,32-08-R-R-D-4SP
32-08-R,"32'8""",Rear,Double,4SP,Passenger,2,4,L1,1,Light,,32-08-R-R-D-4SP
32-08-R,"32'8""",Rear,Double,4SP,Passenger,2,4,SP1,1,Speaker,,32-08-R-R-D-4SP
32-08-R,"32'8""",Rear,Double,4SP,Passenger,2,4,L3,3,Light,,32-08-R-R-D-4SP
32-08-R,"32'8""",Rear,Double,4SP,Passenger,3,2,L1,1,Light,,32-08-R-R-D-4SP
32-08-R,"32'8""",Rear,Double,4SP,Passenger,4,2+9,L1,1,Light,,32-08-R-R-D-4SP
32-08-R,"32'8""",Rear,Double,4SP,Passenger,4,2+9,SP1,1,Speaker,,32-08-R-R-D-4SP
32-08-R,"32'8""",Rear,Double,8SP,Driver,1,4,L1,1,Light,,32-08-R-R-D-8SP
32-08-R,"32'8""",Rear,Double,8SP,Driver,1,4,L3,3,Light,,32-08-R-R-D-8SP
32-08-R,"32'8""",Rear,Double,8SP,Driver,1,4,SP3,3,Speaker,,32-08-R-R-D-8SP
32-08-R,"32'8""",Rear,Double,8SP,Driver,2,4,L1,1,Light,,32-08-R-R-D-8SP
32-08-R,"32'8""",Rear,Double,8SP,Driver,2,4,SP2,2,Speaker,,32-08-R-R-D-8SP
32-08-R,"32'8""",Rear,Double,8SP,Driver,2,4,L3,3,Light,,32-08-R-R-D-8SP
32-08-R,"32'8""",Rear,Double,8SP,Driver,3,2,L1,1,Light,,32-08-R-R-D-8SP
32-08-R,"32'8""",Rear,Double,8SP,Driver,3,2,SP1,1,Speaker,,32-08-R-R-D-8SP
32-08-R,"32'8""",Rear,Double,8SP,Driver,4,2+9,L1,1,Light,,32-08-R-R-D-8SP
32-08-R,"32'8""",Rear,Double,8SP,Driver,4,2+9,SP2,2,Speaker,,32-08-R-R-D-8SP
32-08-R,"32'8""",Rear,Double,8SP,Passenger,1,4,L1,1,Light,,32-08-R-R-D-8SP
32-08-R,"32'8""",Rear,Double,8SP,Passenger,1,4,SP2,2,Speaker,,32-08-R-R-D-8SP
32-08-R,"32'8""",Rear,Double,8SP,Passenger,1,4,L3,3,Light,,32-08-R-R-D-8SP
32-08-R,"32'8""",Rear,Double,8SP,Passenger,2,4,L1,1,Light,,32-08-R-R-D-8SP
32-08-R,"32'8""",Rear,Double,8SP,Passenger,2,4,SP2,2,Speaker,,32-08-R-R-D-8SP
32-08-R,"32'8""",Rear,Double,8SP,Passenger,2,4,L3,3,Light,,32-08-R-R-D-8SP
32-08-R,"32'8""",Rear,Double,8SP,Passenger,2,4,SP4,4,Speaker,,32-08-R-R-D-8SP
32-08-R,"32'8""",Rear,Double,8SP,Passenger,3,2,L1,1,Light,,32-08-R-R-D-8SP
32-08-R,"32'8""",Rear,Double,8SP,Passenger,4,2+9,L1,1,Light,,32-08-R-R-D-8SP
32-08-R,"32'8""",Rear,Double,8SP,Passenger,4,2+9,SP1,1,Speaker,,32-08-R-R-D-8SP
32-08-R,"32'8""",Rear,Single,4SP,Driver,1,4,L1,1,Light,,32-08-R-R-S-4SP
32-08-R,"32'8""",Rear,Single,4SP,Driver,1,4,SP3,3,Speaker,,32-08-R-R-S-4SP
32-08-R,"32'8""",Rear,Single,4SP,Driver,2,4,L1,1,Light,,32-08-R-R-S-4SP
32-08-R,"32'8""",Rear,Single,4SP,Driver,2,4,SP4,4,Speaker,,32-08-R-R-S-4SP
32-08-R,"32'8""",Rear,Single,4SP,Driver,3,2,L1,1,Light,,32-08-R-R-S-4SP
32-08-R,"32'8""",Rear,Single,4SP,Driver,4,2+9,,,,,32-08-R-R-S-4SP
32-08-R,"32'8""",Rear,Single,4SP,Passenger,1,4,L3,3,Light,,32-08-R-R-S-4SP
32-08-R,"32'8""",Rear,Single,4SP,Passenger,2,4,SP1,1,Speaker,,32-08-R-R-S-4SP
32-08-R,"32'8""",Rear,Single,4SP,Passenger,2,4,L3,3,Light,,32-08-R-R-S-4SP
32-08-R,"32'8""",Rear,Single,4SP,Passenger,3,2,,,,,32-08-R-R-S-4SP
32-08-R,"32'8""",Rear,Single,4SP,Passenger,4,2+9,L1,1,Light,,32-08-R-R-S-4SP
32-08-R,"32'8""",Rear,Single,4SP,Passenger,4,2+9,SP1,1,Speaker,,32-08-R-R-S-4SP
32-08-R,"32'8""",Rear,Single,8SP,Driver,1,4,L1,1,Light,,32-08-R-R-S-8SP
32-08-R,"32'8""",Rear,Single,8SP,Driver,1,4,SP3,3,Speaker,,32-08-R-R-S-8SP
32-08-R,"32'8""",Rear,Single,8SP,Driver,2,4,L1,1,Light,,32-08-R-R-S-8SP
32-08-R,"32'8""",Rear,Single,8SP,Driver,2,4,SP2,2,Speaker,,32-08-R-R-S-8SP
32-08-R,"32'8""",Rear,Single,8SP,Driver,3,2,L1,1,Light,,32-08-R-R-S-8SP
32-08-R,"32'8""",Rear,Single,8SP,Driver,3,2,SP1,1,Speaker,,32-08-R-R-S-8SP
32-08-R,"32'8""",Rear,Single,8SP,Driver,4,2+9,SP2,2,Speaker,,32-08-R-R-S-8SP
32-08-R,"32'8""",Rear,Single,8SP,Passenger,1,4,SP2,2,Speaker,,32-08-R-R-S-8SP
32-08-R,"32'8""",Rear,Single,8SP,Passenger,1,4,L3,3,Light,,32-08-R-R-S-8SP
32-08-R,"32'8""",Rear,Single,8SP,Passenger,2,4,SP2,2,Speaker,,32-08-R-R-S-8SP
32-08-R,"32'8""",Rear,Single,8SP,Passenger,2,4,L3,3,Light,,32-08-R-R-S-8SP
32-08-R,"32'8""",Rear,Single,8SP,Passenger,2,4,SP4,4,Speaker,,32-08-R-R-S-8SP
32-08-R,"32'8""",Rear,Single,8SP,Passenger,3,2,,,,,32-08-R-R-S-8SP
32-08-R,"32'8""",Rear,Single,8SP,Passenger,4,2+9,L1,1,Light,,32-08-R-R-S-8SP
32-08-R,"32'8""",Rear,Single,8SP,Passenger,4,2+9,SP1,1,Speaker,,32-08-R-R-S-8SP
33-05,"33'5""",FrontAndRear,Double,4SP,Driver,1,2+9,L1,1,Light,,33-05-FR-D-4SP
33-05,"33'5""",FrontAndRear,Double,4SP,Driver,2,4,L1,1,Light,,33-05-FR-D-4SP
33-05,"33'5""",FrontAndRear,Double,4SP,Driver,2,4,SP1,1,Speaker,,33-05-FR-D-4SP
33-05,"33'5""",FrontAndRear,Double,4SP,Driver,2,4,L3,3,Light,,33-05-FR-D-4SP
33-05,"33'5""",FrontAndRear,Double,4SP,Driver,3,4,L1,1,Light,,33-05-FR-D-4SP
33-05,"33'5""",FrontAndRear,Double,4SP,Driver,3,4,SP2,2,Speaker,,33-05-FR-D-4SP
33-05,"33'5""",FrontAndRear,Double,4SP,Driver,3,4,L3,3,Light,,33-05-FR-D-4SP
33-05,"33'5""",FrontAndRear,Double,4SP,Driver,4,2+9,L1,1,Light,,33-05-FR-D-4SP
33-05,"33'5""",FrontAndRear,Double,4SP,Passenger,1,2+9,L1,1,Light,,33-05-FR-D-4SP
33-05,"33'5""",FrontAndRear,Double,4SP,Passenger,2,4,L1,1,Light,,33-05-FR-D-4SP
33-05,"33'5""",FrontAndRear,Double,4SP,Passenger,2,4,L3,3,Light,,33-05-FR-D-4SP
33-05,"33'5""",FrontAndRear,Double,4SP,Passenger,2,4,SP3,3,Speaker,,33-05-FR-D-4SP
33-05,"33'5""",FrontAndRear,Double,4SP,Passenger,3,4,L1,1,Light,,33-05-FR-D-4SP
33-05,"33'5""",FrontAndRear,Double,4SP,Passenger,3,4,L3,3,Light,,33-05-FR-D-4SP
33-05,"33'5""",FrontAndRear,Double,4SP,Passenger,4,2+9,L1,1,Light,,33-05-FR-D-4SP
33-05,"33'5""",FrontAndRear,Double,4SP,Passenger,4,2+9,SP1,1,Speaker,,33-05-FR-D-4SP
33-05,"33'5""",FrontAndRear,Double,8SP,Driver,1,2+9,L1,1,Light,,33-05-FR-D-8SP
33-05,"33'5""",FrontAndRear,Double,8SP,Driver,2,4,L1,1,Light,,33-05-FR-D-8SP
33-05,"33'5""",FrontAndRear,Double,8SP,Driver,2,4,SP1,1,Speaker,,33-05-FR-D-8SP
33-05,"33'5""",FrontAndRear,Double,8SP,Driver,2,4,L3,3,Light,,33-05-FR-D-8SP
33-05,"33'5""",FrontAndRear,Double,8SP,Driver,2,4,SP4,4,Speaker,,33-05-FR-D-8SP
33-05,"33'5""",FrontAndRear,Double,8SP,Driver,3,4,L1,1,Light,,33-05-FR-D-8SP
33-05,"33'5""",FrontAndRear,Double,8SP,Driver,3,4,L3,3,Light,,33-05-FR-D-8SP
33-05,"33'5""",FrontAndRear,Double,8SP,Driver,3,4,SP3,3,Speaker,,33-05-FR-D-8SP
33-05,"33'5""",FrontAndRear,Double,8SP,Driver,4,2+9,L1,1,Light,,33-05-FR-D-8SP
33-05,"33'5""",FrontAndRear,Double,8SP,Driver,4,2+9,SP2,2,Speaker,,33-05-FR-D-8SP
33-05,"33'5""",FrontAndRear,Double,8SP,Passenger,1,2+9,L1,1,Light,,33-05-FR-D-8SP
33-05,"33'5""",FrontAndRear,Double,8SP,Passenger,1,2+9,SP2,2,Speaker,,33-05-FR-D-8SP
33-05,"33'5""",FrontAndRear,Double,8SP,Passenger,2,4,L1,1,Light,,33-05-FR-D-8SP
33-05,"33'5""",FrontAndRear,Double,8SP,Passenger,2,4,L3,3,Light,,33-05-FR-D-8SP
33-05,"33'5""",FrontAndRear,Double,8SP,Passenger,2,4,SP4,4,Speaker,,33-05-FR-D-8SP
33-05,"33'5""",FrontAndRear,Double,8SP,Passenger,3,4,L1,1,Light,,33-05-FR-D-8SP
33-05,"33'5""",FrontAndRear,Double,8SP,Passenger,3,4,SP2,2,Speaker,,33-05-FR-D-8SP
33-05,"33'5""",FrontAndRear,Double,8SP,Passenger,3,4,L3,3,Light,,33-05-FR-D-8SP
33-05,"33'5""",FrontAndRear,Double,8SP,Passenger,4,2+9,L1,1,Light,,33-05-FR-D-8SP
33-05,"33'5""",FrontAndRear,Double,8SP,Passenger,4,2+9,SP1,1,Speaker,,33-05-FR-D-8SP
33-05,"33'5""",FrontAndRear,Single,4SP,Driver,1,2+9,L1,1,Light,,33-05-FR-S-4SP
33-05,"33'5""",FrontAndRear,Single,4SP,Driver,2,4,SP1,1,Speaker,,33-05-FR-S-4SP
33-05,"33'5""",FrontAndRear,Single,4SP,Driver,2,4,L3,3,Light,,33-05-FR-S-4SP
33-05,"33'5""",FrontAndRear,Single,4SP,Driver,3,4,SP2,2,Speaker,,33-05-FR-S-4SP
33-05,"33'5""",FrontAndRear,Single,4SP,Driver,3,4,L3,3,Light,,33-05-FR-S-4SP
33-05,"33'5""",FrontAndRear,Single,4SP,Driver,4,2+9,,,,,33-05-FR-S-4SP
33-05,"33'5""",FrontAndRear,Single,4SP,Passenger,1,2+9,,,,,33-05-FR-S-4SP
33-05,"33'5""",FrontAndRear,Single,4SP,Passenger,2,4,L1,1,Light,,33-05-FR-S-4SP
33-05,"33'5""",FrontAndRear,Single,4SP,Passenger,2,4,SP3,3,Speaker,,33-05-FR-S-4SP
33-05,"33'5""",FrontAndRear,Single,4SP,Passenger,3,4,L1,1,Light,,33-05-FR-S-4SP
33-05,"33'5""",FrontAndRear,Single,4SP,Passenger,4,2+9,L1,1,Light,,33-05-FR-S-4SP
33-05,"33'5""",FrontAndRear,Single,4SP,Passenger,4,2+9,SP1,1,Speaker,,33-05-FR-S-4SP
33-05,"33'5""",FrontAndRear,Single,8SP,Driver,1,2+9,L1,1,Light,,33-05-FR-S-8SP
33-05,"33'5""",FrontAndRear,Single,8SP,Driver,2,4,SP1,1,Speaker,,33-05-FR-S-8SP
33-05,"33'5""",FrontAndRear,Single,8SP,Driver,2,4,L3,3,Light,,33-05-FR-S-8SP
33-05,"33'5""",FrontAndRear,Single,8SP,Driver,2,4,SP4,4,Speaker,,33-05-FR-S-8SP
33-05,"33'5""",FrontAndRear,Single,8SP,Driver,3,4,L3,3,Light,,33-05-FR-S-8SP
33-05,"33'5""",FrontAndRear,Single,8SP,Driver,3,4,SP3,3,Speaker,,33-05-FR-S-8SP
33-05,"33'5""",FrontAndRear,Single,8SP,Driver,4,2+9,SP2,2,Speaker,,33-05-FR-S-8SP
33-05,"33'5""",FrontAndRear,Single,8SP,Passenger,1,2+9,SP2,2,Speaker,,33-05-FR-S-8SP
33-05,"33'5""",FrontAndRear,Single,8SP,Passenger,2,4,L1,1,Light,,33-05-FR-S-8SP
33-05,"33'5""",FrontAndRear,Single,8SP,Passenger,2,4,SP4,4,Speaker,,33-05-FR-S-8SP
33-05,"33'5""",FrontAndRear,Single,8SP,Passenger,3,4,L1,1,Light,,33-05-FR-S-8SP
33-05,"33'5""",FrontAndRear,Single,8SP,Passenger,3,4,SP2,2,Speaker,,33-05-FR-S-8SP
33-05,"33'5""",FrontAndRear,Single,8SP,Passenger,4,2+9,L1,1,Light,,33-05-FR-S-8SP
33-05,"33'5""",FrontAndRear,Single,8SP,Passenger,4,2+9,SP1,1,Speaker,,33-05-FR-S-8SP
34-11,"34'11""",Rear,Double,4SP,Driver,1,4,L1,1,Light,,34-11-R-D-4SP
34-11,"34'11""",Rear,Double,4SP,Driver,1,4,L3,3,Light,,34-11-R-D-4SP
34-11,"34'11""",Rear,Double,4SP,Driver,1,4,SP3,3,Speaker,,34-11-R-D-4SP
34-11,"34'11""",Rear,Double,4SP,Driver,2,4,L1,1,Light,,34-11-R-D-4SP
34-11,"34'11""",Rear,Double,4SP,Driver,2,4,L3,3,Light,,34-11-R-D-4SP
34-11,"34'11""",Rear,Double,4SP,Driver,3,3,L1,1,Light,,34-11-R-D-4SP
34-11,"34'11""",Rear,Double,4SP,Driver,3,3,SP1,1,Speaker,,34-11-R-D-4SP
34-11,"34'11""",Rear,Double,4SP,Driver,3,3,L3,3,Light,,34-11-R-D-4SP
34-11,"34'11""",Rear,Double,4SP,Driver,4,2+9,L2,2,Light,,34-11-R-D-4SP
34-11,"34'11""",Rear,Double,4SP,Passenger,1,4,L1,1,Light,,34-11-R-D-4SP
34-11,"34'11""",Rear,Double,4SP,Passenger,1,4,L3,3,Light,,34-11-R-D-4SP
34-11,"34'11""",Rear,Double,4SP,Passenger,2,4,L1,1,Light,,34-11-R-D-4SP
34-11,"34'11""",Rear,Double,4SP,Passenger,2,4,SP1,1,Speaker,,34-11-R-D-4SP
34-11,"34'11""",Rear,Double,4SP,Passenger,2,4,L3,3,Light,,34-11-R-D-4SP
34-11,"34'11""",Rear,Double,4SP,Passenger,3,3,L1,1,Light,,34-11-R-D-4SP
34-11,"34'11""",Rear,Double,4SP,Passenger,3,3,L3,3,Light,,34-11-R-D-4SP
34-11,"34'11""",Rear,Double,4SP,Passenger,3,3,SP3,3,Speaker,,34-11-R-D-4SP
34-11,"34'11""",Rear,Double,4SP,Passenger,4,2+9,L2,2,Light,,34-11-R-D-4SP
34-11,"34'11""",Rear,Double,8SP,Driver,1,4,L1,1,Light,,34-11-R-D-8SP
34-11,"34'11""",Rear,Double,8SP,Driver,1,4,L3,3,Light,,34-11-R-D-8SP
34-11,"34'11""",Rear,Double,8SP,Driver,1,4,SP3,3,Speaker,,34-11-R-D-8SP
34-11,"34'11""",Rear,Double,8SP,Driver,2,4,L1,1,Light,,34-11-R-D-8SP
34-11,"34'11""",Rear,Double,8SP,Driver,2,4,SP1,1,Speaker,,34-11-R-D-8SP
34-11,"34'11""",Rear,Double,8SP,Driver,2,4,L3,3,Light,,34-11-R-D-8SP
34-11,"34'11""",Rear,Double,8SP,Driver,2,4,SP4,4,Speaker,,34-11-R-D-8SP
34-11,"34'11""",Rear,Double,8SP,Driver,3,3,L1,1,Light,,34-11-R-D-8SP
34-11,"34'11""",Rear,Double,8SP,Driver,3,3,L3,3,Light,,34-11-R-D-8SP
34-11,"34'11""",Rear,Double,8SP,Driver,4,2+9,SP1,1,Speaker,,34-11-R-D-8SP
34-11,"34'11""",Rear,Double,8SP,Driver,4,2+9,L2,2,Light,,34-11-R-D-8SP
34-11,"34'11""",Rear,Double,8SP,Passenger,1,4,L1,1,Light,,34-11-R-D-8SP
34-11,"34'11""",Rear,Double,8SP,Passenger,1,4,L3,3,Light,,34-11-R-D-8SP
34-11,"34'11""",Rear,Double,8SP,Passenger,1,4,SP4,4,Speaker,,34-11-R-D-8SP
34-11,"34'11""",Rear,Double,8SP,Passenger,2,4,L1,1,Light,,34-11-R-D-8SP
34-11,"34'11""",Rear,Double,8SP,Passenger,2,4,SP2,2,Speaker,,34-11-R-D-8SP
34-11,"34'11""",Rear,Double,8SP,Passenger,2,4,L3,3,Light,,34-11-R-D-8SP
34-11,"34'11""",Rear,Double,8SP,Passenger,3,3,L1,1,Light,,34-11-R-D-8SP
34-11,"34'11""",Rear,Double,8SP,Passenger,3,3,SP1,1,Speaker,,34-11-R-D-8SP
34-11,"34'11""",Rear,Double,8SP,Passenger,3,3,L3,3,Light,,34-11-R-D-8SP
34-11,"34'11""",Rear,Double,8SP,Passenger,4,2+9,L2,2,Light,,34-11-R-D-8SP
34-11,"34'11""",Rear,Double,8SP,Passenger,4,2+9,SP2,2,Speaker,,34-11-R-D-8SP
34-11,"34'11""",Rear,Single,4SP,Driver,1,4,L1,1,Light,,34-11-R-S-4SP
34-11,"34'11""",Rear,Single,4SP,Driver,1,4,SP3,3,Speaker,,34-11-R-S-4SP
34-11,"34'11""",Rear,Single,4SP,Driver,2,4,L1,1,Light,,34-11-R-S-4SP
34-11,"34'11""",Rear,Single,4SP,Driver,3,3,L1,1,Light,,34-11-R-S-4SP
34-11,"34'11""",Rear,Single,4SP,Driver,3,3,SP1,1,Speaker,,34-11-R-S-4SP
34-11,"34'11""",Rear,Single,4SP,Driver,4,2+9,L2,2,Light,,34-11-R-S-4SP
34-11,"34'11""",Rear,Single,4SP,Passenger,1,4,L3,3,Light,,34-11-R-S-4SP
34-11,"34'11""",Rear,Single,4SP,Passenger,2,4,SP1,1,Speaker,,34-11-R-S-4SP
34-11,"34'11""",Rear,Single,4SP,Passenger,2,4,L3,3,Light,,34-11-R-S-4SP
34-11,"34'11""",Rear,Single,4SP,Passenger,3,3,L3,3,Light,,34-11-R-S-4SP
34-11,"34'11""",Rear,Single,4SP,Passenger,3,3,SP3,3,Speaker,,34-11-R-S-4SP
34-11,"34'11""",Rear,Single,4SP,Passenger,4,2+9,,,,,34-11-R-S-4SP
34-11,"34'11""",Rear,Single,8SP,Driver,1,4,L1,1,Light,,34-11-R-S-8SP
34-11,"34'11""",Rear,Single,8SP,Driver,1,4,SP3,3,Speaker,,34-11-R-S-8SP
34-11,"34'11""",Rear,Single,8SP,Driver,2,4,L1,1,Light,,34-11-R-S-8SP
34-11,"34'11""",Rear,Single,8SP,Driver,2,4,SP1,1,Speaker,,34-11-R-S-8SP
34-11,"34'11""",Rear,Single,8SP,Driver,2,4,SP4,4,Speaker,,34-11-R-S-8SP
34-11,"34'11""",Rear,Single,8SP,Driver,3,3,L1,1,Light,,34-11-R-S-8SP
34-11,"34'11""",Rear,Single,8SP,Driver,4,2+9,SP1,1,Speaker,,34-11-R-S-8SP
34-11,"34'11""",Rear,Single,8SP,Driver,4,2+9,L2,2,Light,,34-11-R-S-8SP
34-11,"34'11""",Rear,Single,8SP,Passenger,1,4,L3,3,Light,,34-11-R-S-8SP
34-11,"34'11""",Rear,Single,8SP,Passenger,1,4,SP4,4,Speaker,,34-11-R-S-8SP
34-11,"34'11""",Rear,Single,8SP,Passenger,2,4,SP2,2,Speaker,,34-11-R-S-8SP
34-11,"34'11""",Rear,Single,8SP,Passenger,2,4,L3,3,Light,,34-11-R-S-8SP
34-11,"34'11""",Rear,Single,8SP,Passenger,3,3,SP1,1,Speaker,,34-11-R-S-8SP
34-11,"34'11""",Rear,Single,8SP,Passenger,3,3,L3,3,Light,,34-11-R-S-8SP
34-11,"34'11""",Rear,Single,8SP,Passenger,4,2+9,SP2,2,Speaker,,34-11-R-S-8SP
34-02,"34'2""",None,Double,4SP,Driver,1,4,L1,1,Light,,34-02-0-D-4SP
34-02,"34'2""",None,Double,4SP,Driver,1,4,L3,3,Light,,34-02-0-D-4SP
34-02,"34'2""",None,Double,4SP,Driver,1,4,SP3,3,Speaker,,34-02-0-D-4SP
34-02,"34'2""",None,Double,4SP,Driver,2,4,L1,1,Light,,34-02-0-D-4SP
34-02,"34'2""",None,Double,4SP,Driver,2,4,L3,3,Light,,34-02-0-D-4SP
34-02,"34'2""",None,Double,4SP,Driver,3,3,L1,1,Light,,34-02-0-D-4SP
34-02,"34'2""",None,Double,4SP,Driver,3,3,SP1,1,Speaker,,34-02-0-D-4SP
34-02,"34'2""",None,Double,4SP,Driver,3,3,L3,3,Light,,34-02-0-D-4SP
34-02,"34'2""",None,Double,4SP,Driver,4,2,L2,2,Light,,34-02-0-D-4SP
34-02,"34'2""",None,Double,4SP,Passenger,1,4,L1,1,Light,,34-02-0-D-4SP
34-02,"34'2""",None,Double,4SP,Passenger,1,4,L3,3,Light,,34-02-0-D-4SP
34-02,"34'2""",None,Double,4SP,Passenger,2,4,L1,1,Light,,34-02-0-D-4SP
34-02,"34'2""",None,Double,4SP,Passenger,2,4,SP1,1,Speaker,,34-02-0-D-4SP
34-02,"34'2""",None,Double,4SP,Passenger,2,4,L3,3,Light,,34-02-0-D-4SP
34-02,"34'2""",None,Double,4SP,Passenger,3,3,L1,1,Light,,34-02-0-D-4SP
34-02,"34'2""",None,Double,4SP,Passenger,3,3,L3,3,Light,,34-02-0-D-4SP
34-02,"34'2""",None,Double,4SP,Passenger,3,3,SP3,3,Speaker,,34-02-0-D-4SP
34-02,"34'2""",None,Double,4SP,Passenger,4,2,L2,2,Light,,34-02-0-D-4SP
34-02,"34'2""",None,Double,8SP,Driver,1,4,L1,1,Light,,34-02-0-D-8SP
34-02,"34'2""",None,Double,8SP,Driver,1,4,L3,3,Light,,34-02-0-D-8SP
34-02,"34'2""",None,Double,8SP,Driver,1,4,SP3,3,Speaker,,34-02-0-D-8SP
34-02,"34'2""",None,Double,8SP,Driver,2,4,L1,1,Light,,34-02-0-D-8SP
34-02,"34'2""",None,Double,8SP,Driver,2,4,SP1,1,Speaker,,34-02-0-D-8SP
34-02,"34'2""",None,Double,8SP,Driver,2,4,L3,3,Light,,34-02-0-D-8SP
34-02,"34'2""",None,Double,8SP,Driver,2,4,SP4,4,Speaker,,34-02-0-D-8SP
34-02,"34'2""",None,Double,8SP,Driver,3,3,L1,1,Light,,34-02-0-D-8SP
34-02,"34'2""",None,Double,8SP,Driver,3,3,L3,3,Light,,34-02-0-D-8SP
34-02,"34'2""",None,Double,8SP,Driver,4,2,SP1,1,Speaker,,34-02-0-D-8SP
34-02,"34'2""",None,Double,8SP,Driver,4,2,L2,2,Light,,34-02-0-D-8SP
34-02,"34'2""",None,Double,8SP,Passenger,1,4,L1,1,Light,,34-02-0-D-8SP
34-02,"34'2""",None,Double,8SP,Passenger,1,4,L3,3,Light,,34-02-0-D-8SP
34-02,"34'2""",None,Double,8SP,Passenger,1,4,SP4,4,Speaker,,34-02-0-D-8SP
34-02,"34'2""",None,Double,8SP,Passenger,2,4,L1,1,Light,,34-02-0-D-8SP
34-02,"34'2""",None,Double,8SP,Passenger,2,4,SP2,2,Speaker,,34-02-0-D-8SP
34-02,"34'2""",None,Double,8SP,Passenger,2,4,L3,3,Light,,34-02-0-D-8SP
34-02,"34'2""",None,Double,8SP,Passenger,3,3,L1,1,Light,,34-02-0-D-8SP
34-02,"34'2""",None,Double,8SP,Passenger,3,3,SP1,1,Speaker,,34-02-0-D-8SP
34-02,"34'2""",None,Double,8SP,Passenger,3,3,L3,3,Light,,34-02-0-D-8SP
34-02,"34'2""",None,Double,8SP,Passenger,4,2,L2,2,Light,,34-02-0-D-8SP
34-02,"34'2""",None,Double,8SP,Passenger,4,2,SP2,2,Speaker,,34-02-0-D-8SP
34-02,"34'2""",None,Single,4SP,Driver,1,4,L1,1,Light,,34-02-0-S-4SP
34-02,"34'2""",None,Single,4SP,Driver,1,4,SP3,3,Speaker,,34-02-0-S-4SP
34-02,"34'2""",None,Single,4SP,Driver,2,4,L1,1,Light,,34-02-0-S-4SP
34-02,"34'2""",None,Single,4SP,Driver,3,3,L1,1,Light,,34-02-0-S-4SP
34-02,"34'2""",None,Single,4SP,Driver,3,3,SP1,1,Speaker,,34-02-0-S-4SP
34-02,"34'2""",None,Single,4SP,Driver,4,2,L2,2,Light,,34-02-0-S-4SP
34-02,"34'2""",None,Single,4SP,Passenger,1,4,L3,3,Light,,34-02-0-S-4SP
34-02,"34'2""",None,Single,4SP,Passenger,2,4,SP1,1,Speaker,,34-02-0-S-4SP
34-02,"34'2""",None,Single,4SP,Passenger,2,4,L3,3,Light,,34-02-0-S-4SP
34-02,"34'2""",None,Single,4SP,Passenger,3,3,L3,3,Light,,34-02-0-S-4SP
34-02,"34'2""",None,Single,4SP,Passenger,3,3,SP3,3,Speaker,,34-02-0-S-4SP
34-02,"34'2""",None,Single,4SP,Passenger,4,2,,,,,34-02-0-S-4SP
34-02,"34'2""",None,Single,8SP,Driver,1,4,L1,1,Light,,34-02-0-S-8SP
34-02,"34'2""",None,Single,8SP,Driver,1,4,SP3,3,Speaker,,34-02-0-S-8SP
34-02,"34'2""",None,Single,8SP,Driver,2,4,L1,1,Light,,34-02-0-S-8SP
34-02,"34'2""",None,Single,8SP,Driver,2,4,SP1,1,Speaker,,34-02-0-S-8SP
34-02,"34'2""",None,Single,8SP,Driver,2,4,SP4,4,Speaker,,34-02-0-S-8SP
34-02,"34'2""",None,Single,8SP,Driver,3,3,L1,1,Light,,34-02-0-S-8SP
34-02,"34'2""",None,Single,8SP,Driver,4,2,SP1,1,Speaker,,34-02-0-S-8SP
34-02,"34'2""",None,Single,8SP,Driver,4,2,L2,2,Light,,34-02-0-S-8SP
34-02,"34'2""",None,Single,8SP,Passenger,1,4,L3,3,Light,,34-02-0-S-8SP
34-02,"34'2""",None,Single,8SP,Passenger,1,4,SP4,4,Speaker,,34-02-0-S-8SP
34-02,"34'2""",None,Single,8SP,Passenger,2,4,SP2,2,Speaker,,34-02-0-S-8SP
34-02,"34'2""",None,Single,8SP,Passenger,2,4,L3,3,Light,,34-02-0-S-8SP
34-02,"34'2""",None,Single,8SP,Passenger,3,3,SP1,1,Speaker,,34-02-0-S-8SP
34-02,"34'2""",None,Single,8SP,Passenger,3,3,L3,3,Light,,34-02-0-S-8SP
34-02,"34'2""",None,Single,8SP,Passenger,4,2,SP2,2,Speaker,,34-02-0-S-8SP
35-08,"35'8""",FrontAndRear,Double,4SP,Driver,1,3+9,L1,1,Light,,35-08-FR-D-4SP
35-08,"35'8""",FrontAndRear,Double,4SP,Driver,1,3+9,L3,3,Light,,35-08-FR-D-4SP
35-08,"35'8""",FrontAndRear,Double,4SP,Driver,1,3+9,SP3,3,Speaker,,35-08-FR-D-4SP
35-08,"35'8""",FrontAndRear,Double,4SP,Driver,2,4,L2,2,Light,,35-08-FR-D-4SP
35-08,"35'8""",FrontAndRear,Double,4SP,Driver,2,4,L4,4,Light,,35-08-FR-D-4SP
35-08,"35'8""",FrontAndRear,Double,4SP,Driver,3,4,L2,2,Light,,35-08-FR-D-4SP
35-08,"35'8""",FrontAndRear,Double,4SP,Driver,3,4,SP2,2,Speaker,,35-08-FR-D-4SP
35-08,"35'8""",FrontAndRear,Double,4SP,Driver,3,4,L4,4,Light,,35-08-FR-D-4SP
35-08,"35'8""",FrontAndRear,Double,4SP,Driver,4,2+9,L2,2,Light,,35-08-FR-D-4SP
35-08,"35'8""",FrontAndRear,Double,4SP,Passenger,1,3+9,L1,1,Light,,35-08-FR-D-4SP
35-08,"35'8""",FrontAndRear,Double,4SP,Passenger,1,3+9,L3,3,Light,,35-08-FR-D-4SP
35-08,"35'8""",FrontAndRear,Double,4SP,Passenger,2,4,L2,2,Light,,35-08-FR-D-4SP
35-08,"35'8""",FrontAndRear,Double,4SP,Passenger,2,4,SP2,2,Speaker,,35-08-FR-D-4SP
35-08,"35'8""",FrontAndRear,Double,4SP,Passenger,2,4,L4,4,Light,,35-08-FR-D-4SP
35-08,"35'8""",FrontAndRear,Double,4SP,Passenger,3,4,L2,2,Light,,35-08-FR-D-4SP
35-08,"35'8""",FrontAndRear,Double,4SP,Passenger,3,4,L4,4,Light,,35-08-FR-D-4SP
35-08,"35'8""",FrontAndRear,Double,4SP,Passenger,3,4,SP4,4,Speaker,,35-08-FR-D-4SP
35-08,"35'8""",FrontAndRear,Double,4SP,Passenger,4,2+9,L2,2,Light,,35-08-FR-D-4SP
35-08,"35'8""",FrontAndRear,Double,8SP,Driver,1,3+9,L1,1,Light,,35-08-FR-D-8SP
35-08,"35'8""",FrontAndRear,Double,8SP,Driver,1,3+9,L3,3,Light,,35-08-FR-D-8SP
35-08,"35'8""",FrontAndRear,Double,8SP,Driver,1,3+9,SP3,3,Speaker,,35-08-FR-D-8SP
35-08,"35'8""",FrontAndRear,Double,8SP,Driver,2,4,L2,2,Light,,35-08-FR-D-8SP
35-08,"35'8""",FrontAndRear,Double,8SP,Driver,2,4,SP2,2,Speaker,,35-08-FR-D-8SP
35-08,"35'8""",FrontAndRear,Double,8SP,Driver,2,4,L4,4,Light,,35-08-FR-D-8SP
35-08,"35'8""",FrontAndRear,Double,8SP,Driver,3,4,SP1,1,Speaker,,35-08-FR-D-8SP
35-08,"35'8""",FrontAndRear,Double,8SP,Driver,3,4,L2,2,Light,,35-08-FR-D-8SP
35-08,"35'8""",FrontAndRear,Double,8SP,Driver,3,4,L4,4,Light,,35-08-FR-D-8SP
35-08,"35'8""",FrontAndRear,Double,8SP,Driver,4,2+9,SP1,1,Speaker,,35-08-FR-D-8SP
35-08,"35'8""",FrontAndRear,Double,8SP,Driver,4,2+9,L2,2,Light,,35-08-FR-D-8SP
35-08,"35'8""",FrontAndRear,Double,8SP,Passenger,1,3+9,L1,1,Light,,35-08-FR-D-8SP
35-08,"35'8""",FrontAndRear,Double,8SP,Passenger,1,3+9,L3,3,Light,,35-08-FR-D-8SP
35-08,"35'8""",FrontAndRear,Double,8SP,Passenger,2,4,SP1,1,Speaker,,35-08-FR-D-8SP
35-08,"35'8""",FrontAndRear,Double,8SP,Passenger,2,4,L2,2,Light,,35-08-FR-D-8SP
35-08,"35'8""",FrontAndRear,Double,8SP,Passenger,2,4,SP3,3,Speaker,,35-08-FR-D-8SP
35-08,"35'8""",FrontAndRear,Double,8SP,Passenger,2,4,L4,4,Light,,35-08-FR-D-8SP
35-08,"35'8""",FrontAndRear,Double,8SP,Passenger,3,4,L2,2,Light,,35-08-FR-D-8SP
35-08,"35'8""",FrontAndRear,Double,8SP,Passenger,3,4,SP2,2,Speaker,,35-08-FR-D-8SP
35-08,"35'8""",FrontAndRear,Double,8SP,Passenger,3,4,L4,4,Light,,35-08-FR-D-8SP
35-08,"35'8""",FrontAndRear,Double,8SP,Passenger,4,2+9,L2,2,Light,,35-08-FR-D-8SP
35-08,"35'8""",FrontAndRear,Double,8SP,Passenger,4,2+9,SP2,2,Speaker,,35-08-FR-D-8SP
35-08,"35'8""",FrontAndRear,Single,4SP,Driver,1,3+9,L1,1,Light,,35-08-FR-S-4SP
35-08,"35'8""",FrontAndRear,Single,4SP,Driver,1,3+9,SP3,3,Speaker,,35-08-FR-S-4SP
35-08,"35'8""",FrontAndRear,Single,4SP,Driver,2,4,L2,2,Light,,35-08-FR-S-4SP
35-08,"35'8""",FrontAndRear,Single,4SP,Driver,3,4,L2,2,Light,,35-08-FR-S-4SP
35-08,"35'8""",FrontAndRear,Single,4SP,Driver,3,4,SP2,2,Speaker,,35-08-FR-S-4SP
35-08,"35'8""",FrontAndRear,Single,4SP,Driver,4,2+9,L2,2,Light,,35-08-FR-S-4SP
35-08,"35'8""",FrontAndRear,Single,4SP,Passenger,1,3+9,L3,3,Light,,35-08-FR-S-4SP
35-08,"35'8""",FrontAndRear,Single,4SP,Passenger,2,4,SP2,2,Speaker,,35-08-FR-S-4SP
35-08,"35'8""",FrontAndRear,Single,4SP,Passenger,2,4,L4,4,Light,,35-08-FR-S-4SP
35-08,"35'8""",FrontAndRear,Single,4SP,Passenger,3,4,L4,4,Light,,35-08-FR-S-4SP
35-08,"35'8""",FrontAndRear,Single,4SP,Passenger,3,4,SP4,4,Speaker,,35-08-FR-S-4SP
35-08,"35'8""",FrontAndRear,Single,4SP,Passenger,4,2+9,,,,,35-08-FR-S-4SP
35-08,"35'8""",FrontAndRear,Single,8SP,Driver,1,3+9,L1,1,Light,,35-08-FR-S-8SP
35-08,"35'8""",FrontAndRear,Single,8SP,Driver,1,3+9,SP3,3,Speaker,,35-08-FR-S-8SP
35-08,"35'8""",FrontAndRear,Single,8SP,Driver,2,4,L2,2,Light,,35-08-FR-S-8SP
35-08,"35'8""",FrontAndRear,Single,8SP,Driver,2,4,SP2,2,Speaker,,35-08-FR-S-8SP
35-08,"35'8""",FrontAndRear,Single,8SP,Driver,3,4,SP1,1,Speaker,,35-08-FR-S-8SP
35-08,"35'8""",FrontAndRear,Single,8SP,Driver,3,4,L2,2,Light,,35-08-FR-S-8SP
35-08,"35'8""",FrontAndRear,Single,8SP,Driver,4,2+9,SP1,1,Speaker,,35-08-FR-S-8SP
35-08,"35'8""",FrontAndRear,Single,8SP,Driver,4,2+9,L2,2,Light,,35-08-FR-S-8SP
35-08,"35'8""",FrontAndRear,Single,8SP,Passenger,1,3+9,L3,3,Light,,35-08-FR-S-8SP
35-08,"35'8""",FrontAndRear,Single,8SP,Passenger,2,4,SP1,1,Speaker,,35-08-FR-S-8SP
35-08,"35'8""",FrontAndRear,Single,8SP,Passenger,2,4,SP3,3,Speaker,,35-08-FR-S-8SP
35-08,"35'8""",FrontAndRear,Single,8SP,Passenger,2,4,L4,4,Light,,35-08-FR-S-8SP
35-08,"35'8""",FrontAndRear,Single,8SP,Passenger,3,4,SP2,2,Speaker,,35-08-FR-S-8SP
35-08,"35'8""",FrontAndRear,Single,8SP,Passenger,3,4,L4,4,Light,,35-08-FR-S-8SP
35-08,"35'8""",FrontAndRear,Single,8SP,Passenger,4,2+9,SP2,2,Speaker,,35-08-FR-S-8SP